243.973,54.225,69.7,74.1,81.9,91.1,95.8,127.8,135.4,129.8,110.6,88.5,87.2,103.6,0.04
243.919,54.221,525.5,525,533.1,550,549.2,448.7,501.8,523.1,465.8,386.5,523.5,353.9,0.98
243.852,54.398,23.4,24,24.4,26.3,26.8,43.4,43.3,36.6,29.2,22.3,22.7,35.6,0.91
243.788,54.31,177.8,214.8,285.4,354.6,392.7,254.4,315.8,380.3,383.8,338.7,404.8,268.5,0.03
243.759,54.282,22.2,24.8,29.3,30.9,30.2,50.5,54.3,53.8,47.4,39.6,25.3,49.8,0.03
243.746,54.172,63.3,64.6,66.2,68.8,67.7,103.8,106.9,95.2,75,55.8,61.8,82,0.98
243.72,54.473,59.2,63.5,70,77,79.8,156.8,168.2,160.1,133.5,104.6,77.7,105.8,0.16
243.661,54.38,30.4,31.1,31.9,33.1,32.9,67.2,67.3,57.6,45.2,35.3,29.3,53.2,0.97
243.648,54.327,12.7,12.9,13.3,13.6,12.8,24.4,23.9,20.1,15.2,10.6,11.5,22,0.93
243.606,54.612,225.6,269.8,336.2,385.6,398,371.4,447.5,527.2,500.9,418.2,413.8,323.4,0.07
243.586,54.567,27.4,28.5,30.2,30.6,29.3,50.3,51.1,45,33.9,24.4,26.8,44.4,0.91
243.53,54.322,424.2,485.5,587.1,718.1,821.9,438.4,541.7,640.6,657.2,624.4,980.8,487,0.03
243.525,54.338,379.4,455.2,573.4,693.4,769,338.1,432.1,538.1,551.7,512.3,927.2,337,0.03
243.486,54.662,36.2,37.5,39.2,41.8,41.6,80.2,82.1,72.7,58.2,43.4,37.8,63.3,0.83
243.45,54.235,4.9,4.8,5.1,6.4,7.6,9.4,9.2,9.1,8.3,6.8,2.3,9,0.79
243.397,54.185,7.4,8.7,10.7,12.3,11.7,19.6,22,22.2,19.2,15,10.4,21.9,0.01
243.38,54.455,39.9,42.4,45.7,48.8,47.8,69.2,72.2,65.9,52.6,39.1,44.2,56.8,0.1
243.373,54.249,3.7,3.7,3.4,3.6,3.4,10.3,9.6,7.3,5.6,3.9,2.6,10.3,0.84
243.373,54.628,188.9,214.4,253.1,306.5,345.3,244.9,292.9,320.5,313.7,287.1,349.5,241.2,0.03
243.335,54.276,391.3,437.3,508,597.7,667.7,548.4,663.1,751.8,745.2,686.3,776.2,479.6,0.03
243.328,54.177,5.7,6.1,6.4,6,4.1,10,10.4,9.2,6.4,3.3,5,11,0.34
243.33,54.861,378.5,420.4,474.4,521.5,541.3,477.8,565.5,630.5,591.3,507.9,543.9,408.2,0.16
243.311,54.297,79.6,88,98.7,108.1,110,200.3,224.4,222.8,187.8,147.6,104.2,157.1,0.15
243.295,54.061,15.5,16.2,16.8,17.5,16.2,29.8,29.8,25.4,19.6,13.5,15.7,25.8,0.59
243.255,54.168,371,419.8,487.1,543.1,556.1,429.3,528.6,598,568.5,490.9,548.6,384,0.17
243.243,54.476,33.7,35.3,38.1,39.5,38.7,60.5,62,56.7,44.1,32.1,35.7,49.8,0.74
243.223,54.687,93.7,105.8,122.8,135.5,137.5,171.1,194.3,200.2,172.4,134.6,129.9,145.7,0.03
243.224,54.796,18.6,18.6,18.8,19.9,19.4,41.2,39.9,34.6,28.1,21.5,17.4,35.4,0.97
243.177,54.161,12.1,13.7,17.4,22.9,25.1,21.8,23.7,24.9,24.5,20.4,21.3,26.3,0.04
243.174,54.656,86.1,89,91.5,92.8,90.8,134.6,140.8,127,98.7,73.8,84.2,107.5,0.98
243.163,54.148,8.1,9.1,11,12.8,13.4,25,26.7,26.4,22.8,17.9,11.9,26,0.03
243.146,54.488,125.7,130.2,136.6,143.4,142.6,247.8,268.3,256.1,210.2,160.5,138.2,156.4,0.84
243.13,54.301,5.1,5.4,5.1,4.2,4.3,9.1,9.2,7.4,4.6,3.5,4.2,9.8,0.08
243.139,54.942,458.9,544.8,756,1099.3,1417.1,535.3,664.6,848,1023,1117.4,1893.3,703.3,0.03
243.115,54.25,3.1,3.3,3.5,3.2,3.4,6.8,6.8,5.8,3.9,3.1,2.5,7.3,0.26
243.12,55.11,42,43.7,47.2,53.7,64.6,71.7,73.4,67.3,57.4,51.8,60.5,55.5,0.06
243.111,54.641,17.7,18.2,18.8,19.1,18.5,40.9,40.5,34.4,25.6,18.5,18.2,32.9,0.39
243.105,54.39,66.8,69.7,72.6,76.3,76.7,113.4,120.1,109.8,89,69.2,70.5,87.9,0.95
243.099,54.561,85.8,91.5,95.3,98.5,96.2,148.8,163.5,153.1,122.8,91.3,90.8,119.4,0.81
243.1,54.651,87.8,89.2,92,95.2,95.7,162.4,168.6,154,123.6,95.6,90.4,114.2,0.94
243.096,54.644,15.8,16.9,19.1,22.4,27.8,41.3,42.6,39.8,34.3,31.6,50.5,45.9,0.02
243.094,54.753,46.8,50.4,55.1,59.6,65.7,80.3,85.4,79.7,65.3,55.4,60.4,64.3,0.4
243.09,54.781,72.2,78.1,87.6,96.4,101.4,118.2,129.7,126.4,106.9,86.3,98.4,88.3,0.18
243.08,54.161,431.9,484.1,574,673.5,742.7,384.7,472.6,542.5,544.3,503.9,885.7,314.4,0.03
243.073,54.295,28.4,29.3,31.2,32.3,32.5,52,52.4,46.7,36.2,27.4,27.4,47,0.79
243.059,54.08,42.9,44.9,48.8,53.5,54.2,85.3,88.5,81.8,68,52.6,49.9,67.3,0.66
243.064,54.926,42.1,41.5,41,40.4,38.8,90.4,87.7,73.7,54.3,39,36.4,71.6,0.98
243.033,54.206,23,24.6,26.5,27.6,27.1,44.4,46.1,41.3,31.8,23.3,24.5,38.9,0.22
243.036,54.485,141.2,152.6,167.2,180.1,181.9,192,213,213.3,181.6,142.8,176.1,138.3,0.21
243.03,54.328,9.8,10.9,13.1,15.1,13.6,20.4,21.8,21.4,18,12.1,12.4,21.7,0.02
243.037,55.268,73.2,78.6,85.3,92.1,96.1,173,187.9,178.3,147.4,117.4,96.6,121.2,0.62
243.013,54.759,57.3,62.4,71.6,78.7,78.5,103.6,112.8,111.1,92.5,69.7,62.5,90.8,0.3
242.996,54.404,232.6,255.4,296.4,347.1,398.5,270,308.5,337.4,319.2,287.8,557.9,236,0.03
242.997,54.738,21.8,23.2,25.4,27.4,28.9,48.2,49.6,44.8,35.8,28.4,24.4,40.5,0.47
242.979,54.522,23.4,24.4,24.4,24.3,24.4,47.7,48.5,43.3,33.4,25.1,19.3,46.1,0.95
242.973,53.983,3.5,3.4,3.3,3.6,2.7,7,6.5,5.2,4.1,2.3,2.1,7.4,0.75
242.972,54.145,30.1,30.2,29.8,28.8,27.1,52.9,52.1,43.5,31.5,22.2,25.9,45.3,0.98
242.963,54.196,60.2,78.8,107.2,129.8,137.4,118.8,150.3,178.6,167.6,137.3,423.2,180.2,0.03
242.958,54.788,10.6,10.7,11,11.5,11.9,29,28.2,23.8,18.1,14.3,10.3,25,0.87
242.954,54.529,12.6,12.7,12.2,11.8,10.9,30.7,29.9,23.8,17.6,11.9,9.4,28.2,0.98
242.948,54.865,21.9,24,27.6,31.6,33.5,49.5,53.1,51.9,45,36.6,27,45.7,0.19
242.931,54.119,15.1,15.3,15.6,15.6,14.6,26.7,26.4,22.7,17,12,13.6,24.3,0.97
242.936,54.507,7.7,8.7,10.5,12.7,13.1,15.2,16.4,16.1,14.3,11.3,10.7,17.2,0.17
242.931,54.275,15.3,15.8,16.6,17.8,18.8,35.2,35.1,30.8,24.6,19.7,15,30.1,0.69
242.918,54.245,24.7,29.5,36,39.9,40.3,53.8,62.6,63.6,53.2,40.9,39.3,56.8,0.03
242.916,54.74,130.9,146.4,171.8,196.4,205.4,176.3,204.3,218.7,196.7,160.4,201.6,156.6,0.03
242.907,54.131,3.3,3.3,2.7,1,0.2,7.9,7.4,4.9,1.3,0.2,2.2,8.2,0.69
242.904,54.038,10.6,10.8,11.5,11.7,10.4,20.2,19.8,17.3,13.1,8.6,9.6,19,0.89
242.894,54.394,5.8,6,5.3,4.4,3.1,13.5,13.3,9.8,6,3.2,4.2,13.8,0.49
242.887,54.265,52,53,50.1,48.4,46.3,91.1,93.2,85.7,73.8,53.1,41.4,86.1,0.98
242.877,54.275,39.9,42.8,46.4,50.2,52.5,70.2,73.5,67.6,54.9,46.4,48.9,56.1,0.08
242.878,54.278,135.5,146.4,165.5,190.2,203.9,179.6,202.2,209.8,189.8,166.7,196.3,160.3,0.03
242.888,55.21,109.1,125.7,150.2,162.3,158.3,164.9,195.9,213.1,204,192.4,133.5,192.4,0.14
242.87,53.962,24.8,25.5,26.6,27.9,29.5,57.6,57.2,49.5,38.4,30.9,25.3,44.2,0.86
242.873,54.769,7.8,8,8.4,8.4,8.1,15.1,14.9,12.7,9.4,6.7,6.5,14.8,0.9
242.872,54.179,51.3,53.2,56,58.1,59.9,105,108.2,97.6,78.6,63,52.1,81.2,0.96
242.872,54.503,66.2,71.4,81.3,95.1,102.2,129.7,139.3,136.9,121.4,98.7,102.2,100.3,0.03
242.862,54.239,172.7,187,209.6,233.5,238.9,266.5,305,314.2,283,236.7,235.4,216.9,0.17
242.86,54.455,154.8,159.8,169.8,187.9,195.2,250.2,268.5,260.9,229.8,186.9,183.6,195.9,0.88
242.847,54.866,410.2,444.3,506.8,583.8,631.1,453.6,531.5,592.4,579.2,516.9,666,381,0.09
242.836,55.038,221.7,220.4,220.5,223.1,223.1,266.2,284.2,272.1,222.7,174.7,213.9,172.5,0.98
242.823,54.275,421.7,494.4,636.8,808.1,920.7,419.6,530.8,649,695.5,672.1,1019.2,438.5,0.03
242.817,54.109,5.7,6.9,8.5,9.5,8.9,10.2,11.8,12.2,10.3,7.2,8.7,13.6,0.01
242.82,54.477,41.8,42.5,42.6,43.2,41.7,74.9,74.9,63.6,48.7,36.5,38.5,58.2,0.98
242.817,54.422,1.9,1.8,1.3,1.9,3.4,4.4,3.9,2.4,2.6,3.5,0.9,4.5,0.61
242.815,54.695,20.4,21,21.6,22.2,22,49,48.6,41.4,31.4,23.2,20.7,39.2,0.89
242.803,54.555,29.6,29.6,29.1,28.7,27.8,76.8,74.8,61.8,45.5,32.9,25.4,63.5,0.98
242.798,53.939,23.9,23.7,24.3,24.8,25,43.8,42.3,36.1,27.6,21.2,21.9,34.9,0.95
242.802,55.14,43.4,66.5,118.9,165,190.5,75.1,109.4,165.6,176.5,156.8,291.5,130.7,0.05
242.794,54.155,17.2,17.1,17.5,17.9,17.8,38.2,36.5,30.5,23,17.2,14.2,33.2,0.98
242.782,54.148,231.2,284.1,357.3,409.1,418.7,299.8,375.3,449.2,429,355.8,411.2,293.5,0.02
242.78,54.399,32.9,33.6,35.1,37.3,37,58.5,57.6,50.8,40.2,30.1,34.3,45.4,0.87
242.778,54.83,143.4,149.1,155.5,163.3,167.9,224.3,245.7,237.7,196.4,159.5,139.3,173.2,0.98
242.766,54.723,419.3,464.1,549.2,660.6,750.4,416.8,486.6,555.7,560.5,526.2,830.1,397.9,0.03
242.76,54.263,85.7,96,115.3,128.6,125.5,162.3,183.9,195.7,180.7,162.6,105.6,169.6,0.12
242.76,54.392,23.2,23.4,23.1,23.1,22.8,43.1,42.3,34.8,25.6,18.7,20.2,37,0.96
242.754,54.265,48.1,52.1,59.6,67.5,71.9,83.8,90,88,75.3,61,68.8,62.6,0.03
242.751,54.7,80.8,83.9,88.6,93.3,94.4,155.7,163.1,151.7,122.2,93.6,88.6,107.4,0.93
242.751,54.702,80.8,83.9,88.6,93.3,94.4,155.7,163.1,151.7,122.2,93.6,88.6,107.4,0.93
242.743,54.091,7.9,8.7,9.9,11.1,11.3,15,15.7,14.9,12.7,10.6,9,15.6,0.03
242.748,55.119,45,50.8,63,76.1,84.2,113,125.6,133.2,122.8,103.6,82.7,101.2,0.03
242.73,54.383,4135.8,4191.9,4235.7,4306.7,4319.9,1538,1820.9,2056.2,2054.3,1974.8,4564.3,1253.6,0.96
242.728,54.549,123.6,134.9,155.1,178.6,194.7,213.4,237.4,244.5,219.9,185.7,205.2,154.7,0.03
242.726,54.143,3.8,4,4.2,4.6,4.6,8.7,8.9,7.6,6.2,4.6,3.6,9.7,0.2
242.728,55.012,176.5,197,228.3,261.3,279.9,219.9,254.8,272.3,248.7,209.9,298,164.7,0.03
242.722,54.826,79.7,81.5,82.8,84.9,84.2,149.7,156.6,138.9,108.7,82.5,78.4,107,0.99
242.713,54.095,207.3,221.1,238.6,255.1,258.6,245.4,281.3,286.1,246.4,194.8,241.7,197.6,0.89
242.715,54.534,10.9,11.7,13.1,14.3,15.4,20.5,21.2,20.4,17.3,15,11.1,20.5,0.12
242.702,54.463,56.1,59,58.3,57.8,56.1,90.6,96.8,92.5,78.2,60.8,47.6,86.7,0.95
242.7,54.395,63.7,66.3,70,74.3,74,108,112.4,103.1,83.7,63.3,72,76.7,0.71
242.691,53.951,5.3,5.5,6.3,6.7,7.1,9.9,9.8,9.1,7.4,5.9,4.9,10.6,0.04
242.692,54.391,73.7,82.1,95.3,109.2,116.9,116.6,131.1,134.2,118,96.3,119.6,95.7,0.05
242.69,54.08,52,53.6,54.9,55.6,54.8,83.4,86,76.3,59.6,46.4,50.5,67.2,0.95
242.687,54.122,57.1,58,59.6,61.2,59.5,111.9,114.5,101.6,79.5,59.5,55.8,85.6,0.81
242.688,54.603,480.3,489.4,497.3,511.8,515.7,547,621.1,644.3,567.3,470.6,522.3,354.3,0.91
242.684,54.119,108.3,114.3,122.8,128.7,127.9,180.4,194.5,185.9,150.9,115.8,124.7,118.6,0.28
242.668,54.445,5.4,5.7,6.1,7,7.7,14.6,14.6,12.8,10.9,8.9,5.3,14.7,0.32
242.664,54.202,12.7,12.6,12.7,12.6,11.3,35,33.5,28.3,21,13.7,9.1,30,0.98
242.665,54.52,2.4,2.2,2,1.6,2.3,4.7,4.1,2.9,1.7,1.9,1.3,5.2,0.68
242.652,54.685,51.9,53.9,56.3,57.2,56.7,97.6,101.2,89.8,68.9,52.9,50,85.9,0.98
242.647,54.714,132.3,149,167.4,180.1,180.3,235.7,276.2,283.5,242.3,189.5,171.8,195.2,0.26
242.631,54.718,108.9,119.8,136.9,156.4,168,172.1,194.4,198.9,177.8,147.7,164.2,137.7,0.06
242.625,54.528,24.8,25.7,26,26.1,24.8,47.4,47.9,40.9,30.9,21.9,22.4,41.2,0.91
242.625,55.026,427.3,488.8,586.8,680.7,716.3,376.7,462.2,558.2,554.9,491.4,731.4,368.9,0.14
242.611,54.992,19.8,20.7,20.9,21.3,19.8,45.2,45.7,38.4,29,20.1,18.4,39.6,0.7
242.607,54.327,207.2,223.1,248.8,277.8,292.8,284.2,324.3,339.6,305.5,251.1,297.2,201,0.14
242.594,54.504,20.2,20.8,21.4,22.1,21.1,38.1,37.9,32.5,24.9,17.7,20.2,32.1,0.41
242.597,54.5,28.4,31.7,37,41.1,41.8,53.7,57.9,56.4,47.1,36.2,38.8,48.2,0.04
242.597,54.058,49.7,54.4,62.6,67.5,67.1,101.4,111.1,108.9,93.3,79.8,58.3,91,0.03
242.598,55.017,26.9,28,29.5,31.2,31,48.5,49.4,43.6,34.3,25.5,27.6,40.7,0.48
242.596,55.024,7.5,8.4,10.1,10.9,11.4,16.6,17.8,17.3,13.8,10.6,8.7,18.1,0.17
242.59,54.033,17.9,18.2,19.1,20,18.8,41,40.4,35,27.3,19.9,16.9,34.7,0.66
242.588,54.087,12.8,13.3,14.5,16.1,16.7,24.1,24.1,21.6,18,14.2,13.6,21.6,0.05
242.58,54.365,109.7,112,101.1,97.8,96.1,192.5,207.3,203.2,182.6,120.2,61.5,180.5,0.98
242.575,54.392,7.6,8,8.7,9.2,9.7,17.2,17.3,15.9,12.6,10.2,7.3,17.1,0.67
242.573,54.514,20.7,22.5,25.4,28.6,30.4,38.8,40.6,37.7,31.7,25.3,23.4,33.5,0.06
242.569,54.029,15.3,17.7,21.8,26.3,28.9,37.6,42.2,42.9,38.4,31.8,37.2,42.6,0.02
242.571,54.116,38.2,40.5,43.8,47.7,48.9,67.9,71,64.6,52.3,40.4,45.8,54,0.37
242.566,53.877,42.9,44.1,45.6,46.6,46,107.3,109.3,96.7,75,56.1,41,90.6,0.98
242.565,54.104,91.8,97.5,106.8,117.3,118.7,144.8,157.3,152.5,130,101.8,104.1,117.9,0.93
242.563,54.971,62.1,64.4,67,68.5,66.4,141.9,148.4,134,104.5,77,62.1,112.2,0.98
242.559,54.004,2.4,2.4,2.2,1.1,0.7,5.7,5.6,4.1,1.5,0.7,1.6,6.2,0.06
242.556,54.074,14.9,15.1,15.1,14.3,13.4,27.6,27.1,22.4,15.8,11.2,12.5,25.9,0.97
242.556,55.113,89.5,95.1,100,97.9,92.7,131.3,142.5,138.7,131,108.7,79.4,136.7,0.98
242.549,54.328,14.9,14.9,14.4,14.4,15.3,32.2,30.8,26.5,20.4,16.1,11.5,29.5,0.98
242.536,54.132,59.8,62.7,67.9,72.8,72.9,95.3,99.9,94.2,77.3,58.8,68.1,73.3,0.58
242.533,54.135,23.1,23.4,23.3,22.8,20.1,42.2,41.5,34.5,25.2,16.6,20.7,35.5,0.91
242.54,54.128,7.1,7.5,7.2,7.6,8.2,12.2,12.3,10,7.8,6.5,5.6,12.7,0.56
242.531,54.696,7.2,7.7,7.8,7.9,7.7,15.7,16.2,13.6,10.4,7.6,5.9,16.1,0.54
242.526,54.308,16.3,17.3,18.7,21.3,22,33.2,33.6,29.7,25.2,19.6,18.4,28.8,0.89
242.508,55.005,55.8,59.3,68.4,73.2,73.3,111.4,118.2,117,106.8,91.1,61.8,107.9,0.53
242.5,54.035,8.1,8.7,9.1,9.1,8,17.6,17.9,15.6,11.7,7.8,7.5,17.3,0.31
242.495,53.823,10.2,10.3,9.8,8.8,7.4,19.8,19.1,15,9.9,6.3,8.2,18.3,0.97
242.497,54.077,401.1,395.3,396.1,399.9,396.3,378.9,413.6,416.2,358.8,290.7,396.1,233.4,0.95
242.497,54.655,19.5,22,25.8,29.3,30.7,36.3,39.6,38.6,32.5,25.5,28.6,33.6,0.03
242.495,54.346,77,83.5,89.2,94,92.6,126.2,138.5,134.6,113.9,88.2,63.9,108.4,0.98
242.477,55.066,9.4,9.8,10.7,11.4,10.9,21,20.9,18.5,14.4,10.1,9.7,20.8,0.63
242.476,54.307,176.2,199.6,230,255.7,260.8,265.3,315.3,339.7,302.1,240.6,257.8,210.1,0.04
242.476,54.137,16.5,17,18.1,18.9,16.9,34.7,34.6,30.8,24.3,16.4,16.6,30,0.9
242.468,55.118,208.1,231.7,274.3,326.8,361.1,299,349.7,386.2,371.5,324.5,356.5,270,0.03
242.454,54.637,141.2,156.8,173,187,203.2,196.3,226,228.7,197.6,167.5,222.2,142.4,0.24
242.452,54.986,38.1,50.9,69.1,79.3,79.8,63.2,83,96.4,85.3,66.3,76,79.9,0.03
242.451,54.603,71.5,80.5,90.5,97.5,97.9,113.3,126.6,124.5,103.1,79.9,91.2,96.3,0.05
242.45,54.15,1.6,1.8,2.4,3.4,3.2,3.9,4.2,4.5,4.6,3.2,1.3,5,0.01
242.445,54.318,236.4,242.9,253.4,267.4,271.4,300.6,327.3,329.2,287.7,234.5,257.4,232.3,0.96
242.445,54.407,4.5,4.7,4.6,4.1,3.1,9.9,10,8.3,5.6,3.2,3.7,10.5,0.17
242.443,54.476,50.1,56.2,61.5,65.2,65.7,101,112.9,105.8,85,64.9,60.7,84.7,0.14
242.441,53.828,104,111.3,121.7,131.4,128.5,183.8,204.1,198.1,172,154,113.6,167.1,0.56
242.433,54.63,84.8,92.8,102.2,113,121.1,144.4,160.5,156.6,132.3,108.1,121.2,102.8,0.21
242.431,53.961,37.1,38.9,43.1,49.3,50.2,63.6,65.7,61.3,53,42.4,44.8,54.8,0.04
242.43,54.612,16.2,18.3,22.3,25.7,24.3,38.1,41.1,41.3,35.4,25.3,24.2,43.3,0.03
242.406,54.216,597.9,686.4,834.5,966.9,1017,539,653.2,788.2,802.3,727.8,1080.7,484.1,0.2
242.396,54.518,13.1,14.4,15.3,15.1,14.7,28.8,30.4,27,19.8,14.3,13.7,28.4,0.04
242.393,54.072,55,59.2,67.1,74.2,76.6,153.5,162.3,158.2,133.5,104.4,74.1,116.5,0.04
242.389,54.029,275.2,297.8,334.2,369,379,292.8,341.4,372.8,341,282.2,373.1,238.2,0.13
242.382,54.321,5.8,6.4,7.3,8.2,8.2,11.2,11.9,11.1,9.3,6.8,5.8,13.3,0.79
242.379,54.323,5.8,6.4,7.3,8.2,8.2,11.2,11.9,11.1,9.3,6.8,5.8,13.3,0.79
242.381,55.045,92.3,97.9,104.8,112.7,114.6,213.6,233.9,224.3,191.6,162.1,109.3,159.6,0.56
242.378,54.135,25,27.8,31.4,34.6,33.3,45.6,49,46.4,38.5,30,31.9,40,0.03
242.374,54.398,126.4,129.3,132.9,136.3,136.1,186.9,202,189,152.4,117.8,128.3,135.5,0.98
242.37,54.145,67.6,76.1,88,97,96.5,113.3,128.3,129.4,109.5,83,90.6,101.5,0.03
242.367,54.476,53.8,68.2,86.8,106.4,121.3,124.8,156.6,170.2,158.4,137.1,127.4,120.7,0.03
242.368,53.997,65.8,69.3,75.1,79.1,77.7,143.2,152.9,143.4,121.3,98.6,70,127,0.84
242.365,53.928,6.9,7.1,7.5,8,8,20.4,20.1,17.5,13.7,10.3,5.7,19.9,0.96
242.361,54.181,26,27,28.4,29.3,28.5,55,55.6,48.8,37.7,27.8,26.2,46,0.7
242.342,53.911,4.7,5.4,6,5.5,5.1,8.6,9.4,8.6,5.9,4.2,5.1,10.1,0.01
242.339,55.017,3.7,4.1,3.6,3.7,3.6,7.1,7.4,5.4,4.1,3,3,7.8,0.02
242.333,54.383,53.6,55,57.1,59.7,58.5,110.8,113.5,101.6,83.2,64.1,53.2,84.9,0.95
242.329,54.378,146.5,146.6,148.9,151.4,150.8,226.9,238.9,224,179.9,137.8,143,153,0.98
242.323,54.591,23.2,24,25.5,27,27.5,65.6,66.4,59.1,46.9,35.5,24.4,50.6,0.88
242.315,54.462,143.8,159.3,184.3,213.3,235.5,262.2,302.1,322.8,295.6,256.9,236.8,227.1,0.03
242.304,54.309,91.1,94.5,97,99.2,98.8,161.7,171.5,156.4,122.9,93.4,91.4,120.7,0.98
242.289,54.72,257.7,307.7,412.6,533.3,602.2,279.3,346.5,425.6,455.5,424.4,630.6,320.8,0.03
242.28,54.36,9.5,9.6,10.1,10.5,10.3,19.3,18.7,16.1,12.4,9.2,8.4,17.8,0.86
242.276,54.568,121.7,125.1,129.4,133.6,132.7,172.7,185,173.2,140.4,107.7,122.5,136.8,0.98
242.275,54.272,8.9,9.3,10.3,11.2,10.1,16.6,16.4,14.8,11.9,8.3,9.1,16.4,0.6
242.268,54.238,45.8,49.4,53.6,56,56.1,97.2,102.6,95.5,78.5,58.3,46.4,81.5,0.82
242.257,55.054,12.6,13.8,15.4,16.5,15.8,29.7,31.4,28.5,22.5,15.9,14.5,29,0.88
242.259,54.043,88.3,92.3,100.8,110.5,118.5,241.8,253.8,243,205.4,169.1,106.8,170.7,0.64
242.259,54.098,34.5,35.5,38.4,40.4,38.9,67.9,68.6,62.8,54.1,41.4,35.7,56.2,0.7
242.255,54.302,162.8,165.4,167.6,169.7,167.1,210.4,226.4,213.1,171.5,132,161.4,137,0.98
242.255,54.166,8.6,8.6,8.8,8.5,9.4,17,16.1,13.4,9.5,8.2,7.7,15.9,0.72
242.231,54.428,55.8,58.6,63,68.1,69.7,114.5,119.8,111.5,91.2,70.8,64.9,84.8,0.81
242.221,54.551,44.1,45.7,49.2,53.6,55.5,76.9,78.9,72.1,60.3,49.4,48.9,61.7,0.82
242.203,54.864,84,91.3,105.5,115.7,115,130.3,141.1,143.2,130.4,117.6,104.6,120.1,0.04
242.202,54.51,33.3,34,35.7,38.2,38.7,58.2,58.4,51.7,43,35.5,33,50.2,0.83
242.207,53.995,268.1,325,447.1,608.2,739.7,282.9,351.8,440.2,494.6,497.7,940.9,364.2,0.03
242.204,54.086,8.5,8.8,8.8,8.8,7.2,16.4,16.2,13.3,9.9,6,7.4,15.8,0.49
242.2,54.288,235.7,255.4,281.7,302,305,338,381.9,399.9,353.1,285.4,311.1,217.5,0.29
242.196,54.614,1.6,1.9,2.5,2.4,2.7,3.9,4.5,4.6,3.2,2.8,1.8,5.9,0
242.197,54.021,22.8,27.6,45.9,75.1,90.4,50.8,59.7,81.3,99.7,91.1,91.3,90.2,0.03
242.162,54.464,3.1,3,2.8,3.2,3.8,6.6,6,4.7,3.9,3.6,1.9,7.1,0.68
242.162,54.282,37.7,44.8,54.5,61.2,62.1,65.6,76,79,67.3,52.9,56.8,66.6,0.03
242.158,53.961,128.2,133.6,139.8,145,144.8,211.5,229.2,218.3,177.8,135.6,136.2,154.8,0.94
242.154,54.564,28.1,28.6,29.4,31,31.3,49.1,49.1,42.6,34.2,26.7,26.1,42.9,0.98
242.14,54.581,55.4,56.3,57.6,59.2,58.7,92,93.8,82.6,64,47.8,55,66.9,0.93
242.15,54.572,210.7,208.4,207.2,208.3,204.7,287.2,307.2,292.4,236.9,182.5,193.3,212.3,0.98
242.155,54.258,119,123.9,130.9,139.2,142.8,219.5,234,221.6,183.4,145.3,136,147.1,0.9
242.151,54.238,12.2,12.7,13.1,14.1,15.1,28.2,28.2,23.9,19,15.3,13.1,23.8,0.62
242.147,54.276,96.5,105.7,120.5,134.7,140.3,142,160.1,161.9,141.2,112.8,139.9,107.8,0.05
242.147,53.994,88.1,93.7,102.8,113.5,116.8,154.4,167.3,161.8,137.7,107.9,112,113.3,0.77
242.134,54.839,58.8,62.2,66.1,70.2,72.1,135,143.9,132.9,107.5,83.4,67,97.2,0.62
242.124,54.909,12.2,13.5,15.4,16.5,16.4,24.9,26.3,24.5,19.5,14.8,13.8,25.6,0.03
242.11,54.121,4.4,4.2,3.8,4.2,4.5,8.3,7.5,5.6,4.6,3.7,3.5,8.9,0.88
242.098,54.658,47,52.3,61.6,69.3,70.6,77.8,86.1,87.5,75.2,58.6,66.6,71.4,0.04
242.09,54.977,22.2,22.8,23.6,24.1,23.2,50.5,50.3,43.3,32.8,23.7,21.3,42.2,0.82
242.094,54.39,140.6,154.4,168.8,182.2,184.9,270.6,305.7,306.5,265.5,216.7,173.5,217.3,0.45
242.089,54.505,40.8,42,43.8,46.5,46.3,71.5,73.2,65.2,51.7,38.6,42.8,54,0.17
242.063,54.133,1281.1,1287.1,1286.9,1313.4,1332.8,749.2,868.1,940.6,889.9,798.2,1323.4,590.3,0.97
242.05,55.004,65.8,65.7,66.9,67.5,64,129.4,130.4,115.2,88.2,63.6,61.1,100,0.98
242.051,54.924,57.6,59.5,60.7,61.3,58.9,134.7,140.9,127.2,106.6,85,49.1,113.4,0.98
242.045,54.491,15.8,16.4,17.7,19.2,20.4,29.6,29.6,26.2,21.2,17.1,15.8,27,0.66
242.039,54.877,54.5,65.4,77.5,83.9,83.1,90.3,105.8,108,88.8,67.6,78.6,83,0.03
242.036,54.944,216.7,219.3,229.1,242.4,246,408.4,443.7,436.4,374.1,297.8,235.8,272.4,0.94
242.035,55.016,107.6,112.2,121.7,132.4,135,154.9,167.8,162.9,138.5,109.1,126.6,119.8,0.59
242.035,54.465,8.9,9.4,9.4,8.6,7.5,26.1,26.3,21.6,14.6,9.7,7.7,24.4,0.45
242.032,54.252,29.9,30.2,30.2,31,31.8,65.8,65,54.9,42.2,32.4,27.6,52.6,0.98
242.021,54.632,48,51.1,55,58.6,58.5,109.2,113.9,103.9,82.9,61.8,54.9,82.1,0.75
242.018,54.505,156.6,170,187,203.3,208,268.6,305.3,308.4,266.1,212.4,201.7,198.2,0.19
242.014,54.041,58.7,74.9,106.5,138.5,158.7,99.8,125.6,153.3,153.1,134.5,161.6,123.1,0.03
242.004,54.362,8.9,9.2,9.6,12,14.3,16.1,15.9,13.9,13,12.1,9.2,16.1,0.6
241.991,54.277,46.3,47.7,50.4,54.4,55.5,84.8,87.6,80,65.7,50,51,65.2,0.78
241.999,53.901,12.9,12.9,12.9,12.3,10.1,25.2,24.3,19.9,14.1,8.6,11,22.7,0.96
241.99,54.049,19.4,24,31.3,38,39.9,49.6,58.6,63.5,57.6,45.4,36.4,58.4,0.04
241.986,54.396,4.2,5.2,9.5,18.1,21.7,9.5,11.1,16.6,23.6,21.4,19.4,28.6,0.02
241.985,53.736,7.2,7.3,6.6,6.4,4.5,14.4,13.9,10.3,7.4,3.9,5.5,14.8,0.96
241.979,53.954,30.8,31.6,32.3,32.9,32.3,54.9,55.3,47.7,36.4,27.1,29.1,44.7,0.66
241.967,54.143,100.6,111.5,128.3,145.7,153.4,142.1,162.1,168.6,150,123.6,141.1,128.9,0.02
241.964,54.483,83.5,85.1,87.5,91.9,92.6,156.7,163.5,148.4,119.7,92,87.6,110.8,0.8
241.965,54.281,3.2,3.1,2.9,3.2,2.6,7.2,6.6,5.1,4.2,2.5,2,7.5,0.79
241.935,54.839,31.1,36.1,43.9,50.6,52.1,65.9,74.9,77.4,67.4,52.3,46.3,69,0.03
241.941,54.201,17.4,17.9,18.6,19.4,18.5,35.9,35.8,30.9,24.1,17.4,17.1,31.2,0.9
241.94,53.79,8.9,9.4,10,10.2,8.7,16.9,17.1,14.7,11.1,7,8.6,16.3,0.84
241.925,54.468,187.4,203,220,237,242.5,252.9,291.6,297.1,259.4,209.9,241.9,185.7,0.3
241.935,53.722,5.1,5.3,5.6,5.7,5.5,9.5,9.4,8.2,6.3,4.5,4.3,10.2,0.62
241.917,54.497,44.3,45.7,46.3,46.8,44.8,75.6,77.8,67.3,51.3,37.3,41.9,63.6,0.96
241.916,54.49,60.5,63,66,68.9,68.3,97.8,103,93.8,75,56.4,64.3,74.3,0.91
241.902,54.593,8.1,8.2,8.6,9.8,10.8,25.3,24.6,21.1,17.7,14.5,9.1,21.5,0.76
241.905,54.18,73.2,77.5,84.7,92.4,95,157,169.2,161.2,134.8,106.1,91.3,108.3,0.58
241.896,54.557,15.8,16.5,17.4,18.2,18.2,35.4,35.5,30.9,23.9,18.7,16.2,30.8,0.45
241.903,53.959,919.6,1028.7,1269.8,1617,1986,616.1,732.1,897.5,994.9,1053.3,3294.9,736.4,0.03
241.883,54.853,18.4,18.8,19.7,19.9,19.2,35.1,34.5,29.7,22.1,15.8,17.7,30.7,0.81
241.878,54.944,17.6,18.9,19,18.9,18,36.8,38.6,36.4,30.2,21.5,16.4,35.8,0.3
241.887,54.204,73.8,78.6,85.8,93.5,97.2,173.4,188.4,179.5,150.8,119.4,89.6,125.6,0.51
241.88,54.501,125.4,147.5,181,203.6,211.9,198.3,234.5,261.2,234.1,191.9,196.4,173.9,0.02
241.853,54.203,277.1,327.1,433.3,546.1,593.9,406.1,506.2,618.2,648.3,585.1,628.7,395.9,0.03
241.859,53.738,5.5,5.8,5.7,6.5,7.5,10.5,10.6,8.6,7.2,6.4,4.5,10.7,0.11
241.856,53.898,3.8,4,3.8,4,4.1,6.9,7,5.6,4.4,3.4,2.7,7.4,0.72
241.845,54.487,73.1,83.7,96.1,103.1,102.7,137.7,159.9,160.6,132.2,100.2,95.6,127.8,0.15
241.834,54.326,112.2,113,116.3,120.7,123.1,199.3,208.9,192.5,154.8,120.8,116.7,131.2,0.97
241.808,54.817,4,4.3,4.6,5.2,6,8.9,9,7.9,6.5,5.6,3.7,9.8,0.6
241.811,54.485,23.2,24.1,27.2,31.1,32,43.7,44.1,41.2,34.9,27,28.8,37.4,0.29
241.812,54.451,33.2,37.1,43.6,48.7,48.3,57.2,62,60.9,51.8,39.5,42.3,56.6,0.03
241.789,54.823,270.9,290.4,321.1,348.7,356.7,291.6,340,362.4,326.3,267.8,358.3,220.4,0.18
241.775,54.176,42.7,45.4,48.8,52.8,52.8,105.1,110.6,100.8,81.6,61,49.6,76.8,0.28
241.766,54.275,7.6,7.9,9.3,10.4,10.4,19.5,19.5,19,15.9,12,8.2,19.6,0.88
241.76,54.482,219.7,243.2,286.6,338.6,380.3,258.1,299.6,327,314.6,281.4,442,203.5,0.03
241.749,54.229,10,10,10.2,10.3,10.1,22,20.9,17.4,13,9.4,8.8,19.7,0.97
241.696,54.253,4.6,4.8,4.8,4.9,4.8,11,10.9,9,6.9,5.1,3.7,11.2,0.65
241.675,54.444,10.2,14,19.3,24.2,28.6,20.8,27.2,30.8,28.8,25.9,28.6,32.2,0.3
241.662,54.388,169.5,189.4,223.1,257.6,274.9,307,355.7,384.1,355.9,298.9,283.3,231.5,0.03
241.65,54.547,49,51.6,55.2,58.3,56.8,93.5,97.9,90.3,77.4,62.4,49.4,79.1,0.64
241.643,54.762,18.2,18.4,18.6,17.8,15.8,51.7,50.5,42.1,29.9,19.9,16.3,42.9,0.83
241.633,54.415,53.7,58.4,65.5,73.1,76.2,108,116.4,112.5,95.6,75.6,74.1,80,0.12
241.641,53.938,3,2.7,2.2,1.2,0.4,6.9,6.2,4.1,1.6,0.4,1.2,6.6,0.57
241.611,54.354,24.5,24.3,24,24,23.8,44.6,43,35.7,26.5,19.8,20.7,37.8,0.98
241.598,54.099,1261.5,1267.5,1281.6,1309.5,1312.2,714.7,834.2,910.5,868.2,781.6,1299.4,605.3,0.98
241.467,54.761,44.8,48.2,51.6,53.4,50,73.3,78.8,72.1,56.7,40,47.9,61.4,0.03
241.473,54.374,389.1,437.5,527,654.3,777.1,446.8,540.9,628,652.9,640.1,1004.1,420.5,0.03
241.391,54.268,37.9,40.2,43.7,47.1,47.7,80.5,84.3,79.4,67.5,50.2,37.7,73.7,0.88
241.342,54.358,260,279.1,308.1,344.6,379.4,271,312,328.5,297.2,257.8,425.8,206.1,0.06
241.329,54.35,159.2,165.9,175.2,185.9,191.5,206.6,226.5,219.4,184.4,146.8,189.2,134.9,0.67
241.312,54.761,31.1,31.9,33,33.7,32.4,59,59,50.9,38.5,27.5,29.8,49,0.97
241.267,54.743,83.2,94.4,112.5,136.7,148.4,122.3,140.2,147.4,139.4,117,137.2,117.7,0.03
241.261,54.407,28,28,28.8,29.3,28.9,54.8,53.8,46.2,37,29.3,25.9,44.2,0.87
241.175,54.723,45.2,48.7,53.4,59,65.6,75.7,81.2,76.6,64,53.4,60.6,59.4,0.08
241.169,54.641,2.4,2.5,2.6,2.6,2,6.3,6.1,5.1,3.8,2.2,2,7,0.12
241.141,54.742,896.4,1049,1347.4,1689.1,1910.4,704.1,883.4,1104.2,1222.8,1226,2272.2,764.2,0.03
243.55,54.299,33,34,34.4,34.1,32.3,59.4,59.9,51.1,37.5,26.5,30.9,49.2,0.97
241.715,54.028,4.9,4.7,4.5,4.9,5,13.4,12.3,9.4,7.6,5.8,3.5,12.9,0.92
241.529,54.214,5.4,5.3,5.2,5.5,6.8,11.6,10.8,8.8,6.9,6.4,3.6,11.7,0.92
241.944,53.732,3.2,3.7,4.5,6.3,7.3,6.2,6.7,6.8,6.9,6,2,6.8,0.62
242.758,54.254,2,2,2.5,2.9,2,4,3.9,4,3.3,1.7,1,4.2,0.66
242.348,54.254,8,8.3,8.9,8.8,7.4,17.1,17,14.8,10.9,6.9,7.4,16.3,0.86
241.834,54.378,3.1,3.1,2.8,2.8,3.4,7.3,6.7,4.9,3.6,3.2,1.8,7.5,0.75
242.623,54.066,13.7,13.9,14.2,14.4,13.8,31.1,30.4,25.6,19.1,13.5,12.7,27.3,0.9
243.122,54.015,3.5,3.9,4.3,3.5,2.7,8.3,8.9,7.9,4.8,2.8,3.2,9.7,0.04
243.261,54.257,45.4,46.7,48.4,49.2,48.2,94.6,95.9,84.8,65.2,48.4,45,74.2,0.98
243.359,54.18,3.3,3.3,3.1,2.5,2.2,6.5,6.1,4.7,2.8,1.9,2,6.7,0.7
242.329,54.442,18.8,19.7,20.2,20.7,20.3,48.3,48.7,41.4,31.3,22.8,18.8,38.8,0.9
241.444,54.385,11.4,11.1,10.5,10,9,22.4,20.9,16.3,11.3,7.6,8.6,20.9,0.98
242.938,54.457,98.5,105.6,119,134.4,140.4,146.1,159.1,158.4,140,119.2,137.6,116.2,0.05
243.344,54.253,8.7,9,9.7,10.4,10.6,24.8,24.6,21.8,17.5,13.7,8.3,22.8,0.91
243.383,54.165,13.1,17.7,25,31,35,30.3,38.9,44.8,40.6,34.8,32.1,41.7,0.03
242.604,53.881,7.4,7.6,7.8,7.3,6.6,13.2,13,11.3,7.8,5.3,6.1,13.1,0.66
242.818,54.687,12.1,12.3,12.7,12.5,11.7,26.7,26,22,16,11.2,10.9,23.5,0.93
243.575,54.336,7.2,7.5,8,8.3,7.5,18.5,18.3,15.8,12.3,8.2,6.4,18.2,0.54
242.856,54.06,11.7,11.9,12.3,13.4,13.7,22.6,22.1,18.6,15.1,11.7,10.2,21.1,0.92
242.735,54.043,2.2,2.1,2.2,3,3.3,4.4,4.1,3.4,3.4,2.7,1.2,4.8,0.66
243.636,54.581,1.6,1.7,2,2.1,2.5,3.8,3.9,3.5,2.7,2.5,0.9,4,0.41
241.607,54.441,10.6,10.5,10.7,11,9.6,23.8,22.7,18.9,14.4,9.3,9.5,20.8,0.88
241.538,54.83,8,8.3,8.1,8.5,9,19,19.3,17,13.6,10.4,6.5,19.1,0.56
241.182,54.793,2.3,2.3,2.2,1.7,1.5,5.7,5.3,4.2,2.3,1.5,1.3,6,0.59
241.752,54.296,2.1,2.2,2.2,2.4,1.9,5.1,4.9,4.1,3.3,1.9,1.2,5.3,0.57
242.659,55.036,3.3,3.5,3.5,4,3.7,8.7,8.8,7.1,5.9,4.1,2.6,9.3,0.37
242.73,54.686,9.6,9.6,9.3,8.5,7.5,18.8,18,14.3,9.5,6.2,7.8,17.7,0.95
242.785,54.712,2.2,2.4,2.3,2,1.4,4.1,4.3,3.3,2.2,1.1,1.1,4.1,0
242.675,54.423,12.8,18.1,28.3,35.2,37.5,26.5,36,47.1,43.9,35,45.4,43.3,0.03
243.22,54.475,24.8,25.6,27.4,31.1,35.8,48.5,48.3,42.6,35.8,32.1,32.4,37.8,0.16
242.727,53.911,4.1,4.3,4.8,5.5,6,8.4,8.3,7.5,6.3,5.1,3.3,8.6,0.68
242.648,54.098,7.5,7.6,7.6,7.4,6.2,19.2,18.5,15.3,11,6.8,6.5,17.5,0.87
242.447,54.987,18.5,27.8,49.5,70.8,76.2,43.9,62.3,91,98.2,79.8,100.3,93.5,0.03
242.396,54.4,31.7,32.6,35.2,38.1,38.3,72.1,73,66.2,53.4,40.8,33,62,0.68
242.656,53.923,3.4,3.9,4,4.4,4.8,7.3,7.9,6.6,5.3,4.3,3.2,8.7,0.05
242.069,54.542,2.2,2.4,2.5,2.9,3.2,4.4,4.5,3.9,3.3,2.8,2.2,5.3,0
242.004,54.031,2.1,2.2,2.1,1.7,1.8,5.7,5.6,4.3,2.5,2.1,1,5.8,0.47
241.789,54.406,55.6,61.3,69.4,76.3,77.2,112.8,125,122.9,103.7,79.7,72.7,89.9,0.03
242.394,54.157,21.8,22.8,23.9,25,26,46,47.4,41.9,33.2,26.1,22.8,38.3,0.53
241.389,54.351,1.7,1.7,2,2.7,2.8,3.9,3.8,3.6,3.6,2.8,1.2,5.1,0.48
241.84,54.522,11.8,12.4,12.9,14,13.3,26.7,27,23.3,18.7,13.1,11.9,24.5,0.9
242.065,54.122,3.8,3.9,4.1,4,4.7,7.9,7.8,6.5,4.7,4,3.4,8.7,0.63
242.166,53.969,3.3,3,2.5,1.7,1.6,7.1,6.2,4.2,2.1,1.4,2,7.4,0.82
242.776,53.934,21.9,22.7,24,25.6,26,56.1,56.5,49.5,40.3,32,22.4,47.4,0.82
243.361,54.964,24.6,25.3,25.9,26.8,27.1,55.2,55.4,47.4,36.6,27.8,23.6,45.2,0.97
241.774,54.432,7.1,7.1,7,7,6.4,18.7,17.7,14.4,10.6,7.1,5.9,17,0.96
242.733,54.481,2.6,2.5,2.3,2.1,1.6,5.7,5.3,3.9,2.7,1.6,1.8,6.6,0.61
241.628,54.134,32.1,32.5,33.3,33.8,33.5,62.9,62.2,53.1,41,32,29.7,50.6,0.98
241.906,54.336,5.8,6.3,7.7,7.9,8.7,10.7,11.2,11.4,8.7,7.2,6.5,12.4,0.03
242.55,54.342,64.9,70,76.1,80.5,80,114.3,123.6,115.1,92.8,70.1,74.6,93.2,0.17
242.451,55.032,3.2,3.4,3.5,3.6,4.7,6.4,6.5,5.4,4.2,4.1,2.4,7.2,0.19
242.978,54.716,5.5,5.8,6.2,6.6,5.8,10,10.1,9,7.2,4.9,5.1,10.7,0.36
243.147,55.14,4.1,4,4,3.7,3,12.3,11.5,9.2,6.4,3.9,3,12,0.92
242.76,55.115,30.3,30.9,31.3,31,29.2,65.2,64.9,55.3,40.7,28.6,28,53.3,0.98
243.154,54.296,4.6,4.7,5,5.9,7,10.4,10,8.7,7.6,6.8,3.7,10.7,0.85
242.881,53.976,1.6,2,2.7,3.3,2.9,4.2,5,5.3,4.9,3.2,1.8,6.1,0
241.568,54.879,191,201.1,220.1,243,255.1,239,264.6,268.6,237.6,196.3,251,178.8,0.27
242.983,54.289,15.4,15.1,14.9,14.4,14.2,29.6,28,22.8,16.2,11.9,12.6,25.6,0.98
242.525,54.521,2.1,2.1,2.2,2.5,2.2,5.1,4.8,4.1,3.3,2.2,1.1,5.5,0.48
243.6,54.571,2,2.1,2.3,2.3,2.1,3.9,4,3.4,2.5,1.7,1.2,4.4,0.61
242.035,54.301,18.5,18.8,19.4,20.5,20.5,44,43.2,37.2,29.8,22.6,17.7,36.9,0.94
242.672,55.02,2.2,2.3,2,1.7,0.9,6.2,6.2,4.3,2.8,1.1,1.5,6.8,0.02
242.542,54.357,2.7,2.9,2.7,2.8,1.8,6.9,6.9,5.4,4.1,1.9,2.2,7.7,0.33
243.236,54.367,2.5,2.9,3.4,4.2,4.7,4.9,5.4,5.1,4.7,4.1,2,5.7,0.03
242.041,54.96,209.8,208.4,206.1,207.8,206.1,381.8,409.8,387.3,315.9,246.7,195.7,248.7,0.98
243.17,54.826,15.8,16.5,17.4,18.7,19,36.4,36.6,31.9,25.5,19.5,16.8,32,0.77
242.733,54.178,2.2,2.1,1.8,1.4,1.8,5.5,5.1,3.6,2.1,2,1.3,5.9,0.62
243.053,54.232,35.7,37.5,39.1,40.4,38.7,63.8,65.8,58.1,45.2,32.7,35.8,53.7,0.84
243.007,54.45,2.4,2.2,2.2,2.6,3.2,5.2,4.5,3.7,3.3,3.1,1.3,5.7,0.48
243.087,55.134,4.2,4,4,4.8,5.3,9.8,8.9,7.3,6.2,5.2,2.9,9.6,0.83
243.394,54.567,7.5,7.6,7.3,6.6,6.6,16.3,15.8,12.2,8.2,6,6.1,15.4,0.91
242.242,54.448,23.3,24,24.6,25.6,25.9,46.9,46.7,39.9,31.1,24.2,22.9,39,0.91
242.884,54.799,9.3,10.7,12.5,13.5,12.6,20.6,22.7,21.6,17.6,12.4,11.2,22.8,0.12
243.496,54.607,67.3,71.6,78.2,84.7,90.6,140.9,151.4,144,119.7,97.5,90.4,93.5,0.27
243.479,54.292,4.2,3.8,2.8,1.9,1.4,9.5,8.2,4.9,2.4,1.3,2.5,9.8,0.88
242.725,54.174,7.1,7.7,8.5,9.6,9.7,21,21.5,20.1,17.4,13.2,7.4,21,0.53
242.389,54.39,12.4,12.9,13.9,13.6,12.1,27.4,27.3,24.3,17.8,11.9,12.2,26.2,0.75
242.66,54.56,213.1,234.1,270.2,312.3,348.2,362,417.5,449.6,423.7,377,336.9,328.2,0.02
242.637,54.499,1.5,1.5,1.5,1.5,0.8,3.7,3.7,3,2.1,0.8,0.5,3.5,0.35
242.864,54.158,2.8,2.9,3,3.4,3,6.4,6.3,5.1,4.4,3.1,1.9,7.2,0.31
243.085,53.98,77.7,77.4,77.1,76.8,74.5,141.3,142.3,124,94.2,69.7,69.3,110.4,0.98
243.071,54.902,7.1,7.2,7.2,6.9,7,14.7,14.2,11.6,8.2,6.2,5.4,14.5,0.94
241.706,54.393,24.1,24.9,25.2,24.9,24,47,47.2,39.5,28.9,21,23,37.6,0.6
243.324,54.537,6.7,7.8,9.5,10.6,9.9,12.3,13.8,14,11.7,8.2,7.9,14.6,0.01
242.33,54.942,7.7,7.5,7.4,7.2,7.8,18.8,17.5,14.1,10.1,8.2,6,17,0.94
242.853,54.507,6.6,6.8,6.7,6.3,5.1,16.4,15.9,13,9,5.5,5.8,15.3,0.5
242.545,54.124,2.5,2.5,1.6,0.5,0.2,4.5,4.2,2.3,0.5,0.2,1.4,4.7,0.3
241.51,54.408,2.2,2.5,2.8,2.6,2.4,4.4,4.7,4.3,2.9,2,1.4,4.7,0
242.503,55.133,55.8,64.1,74.8,82.4,82.9,111.4,128.4,129.9,109.2,83,77.8,97.7,0.03
242.547,54.306,11.7,11.6,12.1,13.1,12.1,21.9,20.9,17.9,14.4,10,12,18.9,0.91
242.852,54.667,5.3,5.4,5.3,5.2,5.1,10.5,10.2,8.4,6.2,4.6,4,10.6,0.89
243.097,54.625,1.6,1.6,1.6,2,1.3,4,3.8,3.1,2.9,1.4,0.7,4.1,0.49
242.753,54.692,53.2,59.9,68.1,74.2,74.1,110.5,122,119.7,100.6,77.7,63.7,100,0.1
242.253,54.235,8.6,9.7,11.1,11.2,10.3,20.8,22.5,21.1,15.8,11.1,10.2,21.2,0.01
242.171,54.513,4.1,4.4,4.6,4.3,4.1,8.4,8.4,7.2,4.9,3.5,3.5,9.1,0.58
242.842,54.51,2.2,2.3,2.4,1.6,1.3,5.5,5.5,4.5,2.3,1.3,1.6,6.6,0.13
243.125,54.796,4.9,5.6,6.6,6.3,4.8,9.9,10.7,10.2,7.1,4.1,5.2,11.4,0.02
243.109,54.123,2,1.9,1.8,1.9,2.3,4.5,4,3,2.4,2.2,1,4.9,0.52
243.17,54.777,2.1,2.2,2.3,2.6,2.7,4.6,4.6,3.8,3.3,2.6,1,4.8,0.54
242.243,54.199,7.8,7.8,7.2,6.6,5.3,22.2,21,15.9,10.6,6.3,6.2,20.1,0.96
242.121,54.382,20.6,21.7,22.7,23.1,23.2,45.9,47,41.1,31.3,23.6,20.6,40.7,0.94
242.405,54.39,10.7,11.3,11.9,12.2,12.7,21.5,22,19,14.5,11.2,10.7,20.2,0.19
243.226,54.692,3.8,3.5,3.1,2.6,0.8,8.4,7.5,5.4,3.3,0.8,2.3,8.7,0.88
242.839,54.832,4.4,4.6,4.9,5,5,10.4,10.3,9,6.9,5,3.9,11.1,0.8
242.844,54.573,27,27.2,27.6,27.7,26.7,67.8,67.1,57.2,42.7,30.6,24.5,55.9,0.94
242.34,54.143,1.6,1.9,2.3,2.5,3.8,5.3,5.8,5.7,4.7,5.3,1.8,7.3,0
243.708,54.387,17.4,17.9,18.7,19.5,18.5,38,37.6,32.9,25.7,18.4,16.6,33.1,0.86
243.372,54.529,3.6,3.4,3.9,4.6,3.4,7.3,6.4,6,5.3,2.9,3.3,8.2,0.58
242.325,54.146,7.1,7.6,8.9,9.8,9.8,19,19.2,18.5,15.2,11.4,7.6,19.3,0.64
243.122,54.816,101,105.1,108.8,113.1,112.9,202.5,218,201.8,162.4,127.4,104.9,149.9,0.97
243.283,54.227,2.8,2.8,3,2.7,1.5,5.3,5.1,4.4,3.1,1.3,1.9,5.8,0.72
242.523,54.09,11,11.9,12.7,13.2,13.4,21.9,22.6,20,15.5,11.7,11.7,20.7,0.59
242.932,54.457,3.3,3.4,3.2,2.8,2.2,7.1,6.9,5.4,3.6,2.1,2.3,7.5,0.58
242.387,54.63,3,2.8,2.4,2.1,-0.1,7.1,6.3,4.4,2.8,-0.1,2,7.5,0.77
242.14,54.263,11.5,12,12.3,11.7,10.7,29.7,29.8,25.3,17.8,12,10.4,27.8,0.95
241.729,54.754,3.4,3.2,2.7,1.7,-0.3,6.5,5.9,4.1,1.9,-0.3,2.3,6.8,0.68
243.33,54.382,9.1,9.5,10.4,10.8,10.1,18,18,16.1,12.4,8.6,9.4,17.4,0.62
243.268,54.018,2.7,2.7,2.2,2.1,1.3,6.7,6.2,4.2,2.9,1.3,1.7,7.1,0.68
242.033,54.3,18.5,18.8,19.4,20.5,20.5,44,43.2,37.2,29.8,22.6,17.7,36.9,0.94
242.561,54.738,7.1,7.3,7.5,8.2,6.5,13.6,13.4,11.1,9.1,5.4,5.5,14,0.74
243.661,54.613,2.9,3,3.2,2.6,1.9,7,6.8,5.8,3.5,1.9,2.3,7.4,0.32
241.358,54.413,140.5,157.7,185.5,206.8,210.1,228.5,258.8,277.8,247.1,198.1,202.9,190.2,0.05
242.528,54.996,13.4,13.7,13.8,14.3,13.8,23.8,23.5,19.7,15.3,11.2,11.6,22.4,0.98
243.113,54.516,2.4,2.5,2.3,1.9,2.3,6.5,6.3,4.6,2.8,2.6,1.7,7.1,0.63
242.42,55.049,4.9,4.9,4.9,5,4.7,9.6,9.2,7.5,5.6,3.9,3.5,9.8,0.89
243.023,55.13,2.1,2.2,2,1.9,1.5,4.1,4,3,2,1.2,1.5,5.2,0.26
241.856,54.87,3.5,3.6,3.4,2.9,4,6.7,6.5,5.1,3.2,3.3,2.7,7.3,0.13
242.096,54.896,13.2,13.9,15.1,16.2,15.2,30.5,31,27.5,21.9,15.6,13.7,28.5,0.58
243.408,54.286,5.7,5.8,5.1,4,2,11.1,10.9,7.8,4.4,1.7,4.3,11.5,0.9
243.013,54.268,8.2,8.3,8.5,8.8,7,18.4,17.7,14.8,11.3,6.8,7.1,16.4,0.63
242.399,54.023,15.2,15.1,14.4,13.9,12.3,28.4,27.4,21.9,15.7,10.5,12.7,24.8,0.97
241.783,54.77,4.3,4.6,4.5,4.4,4,11.2,11.2,9,6.5,4.3,3.9,11.9,0.77
243.185,54.267,271.5,268.8,267.6,270.8,269,398.2,430.5,416.7,344.1,267.1,253.7,279.3,1
243.133,54.344,41.9,43.1,44.9,47.4,47.2,85,86.5,76.4,60.5,45.4,43.3,66.4,0.92
243.572,54.42,4.1,4.6,5.9,6.8,7.3,10.1,10.8,11.1,9.4,7.5,4.6,11.9,0.01
243.676,54.549,1.8,1.8,1.4,0.7,0.6,5.1,4.9,3.1,1.1,0.7,0.9,5.1,0.48
242.606,53.881,3,2.8,1.9,0.8,-1.4,6.1,5.4,3,0.9,-1.1,1.7,6.4,0.75
242.246,54.864,8.8,8.8,9.2,9.7,9.4,18.9,17.9,15.2,11.8,8.4,7.7,16.9,0.89
243.187,54.726,122.9,135.5,153.6,169.7,175.2,168.4,190.5,195.7,170.6,136.3,171.3,129.9,0.11
241.917,53.884,3.3,3.3,3.5,3.5,3,6.4,6.2,5.3,3.9,2.5,2.1,7,0.77
242.905,54.395,1.9,1.9,1.4,1.3,0.9,4.7,4.4,2.8,1.9,1,1.2,4.9,0
242.815,54.252,15.6,16.4,16.7,16.3,15.6,33.7,34.8,31.2,24.6,18.2,13.8,32.8,0.5
243.112,54.214,1.9,1.9,1.8,1.7,1.5,5.5,5.5,4.3,2.9,2,1.6,6.8,0.61
243.245,54.016,6.8,6.7,6.3,5.5,5.1,16.2,15.2,11.7,7.6,5.2,5.1,15.2,0.94
241.936,54.361,4.5,5.1,6,6.3,5.7,9.4,10.1,9.7,7.5,5,5.3,10.7,0.01
242.49,53.851,2.6,2.8,2.8,3.1,3.4,5.4,5.4,4.4,3.6,2.9,1.6,6,0.17
242.356,54.553,3.1,3.3,3,1.9,0.9,7.7,7.6,5.5,2.5,0.9,2.1,8,0.22
242.246,55.047,33.1,37.3,42.5,46.4,45.9,92.2,101.7,97.5,79.9,59.7,42.8,79.4,0.04
242.497,54.083,2.1,2.1,1.8,0.9,-0.7,4.8,4.4,3.1,1.1,-0.7,1.6,5.1,0
243.016,55.164,17.4,17.5,17.5,17,15.8,32.5,31.5,26.1,18.8,13.1,15.5,27.9,0.96
243.276,54.268,2.3,2.4,1.8,1.4,0.1,4.6,4.5,2.8,1.6,0.1,1.6,5.5,0.05
242.222,54.654,4,4.2,4.6,5,4.8,10.4,10.4,9.1,7.3,5.2,3.7,11.7,0.06
242.445,54.469,12.4,12.7,13.1,13.3,12.5,30.1,29.5,25.2,19.2,13.5,11.2,27,0.95
241.469,54.254,3.5,3.6,3.4,3.9,5.4,7.4,7.1,5.5,4.7,4.9,2.4,7.9,0.21
242.957,54.588,14.2,14.4,14.5,14.1,11.4,26.7,26.1,21.9,15.8,9.5,12.7,24,0.98
242.624,55.017,2,2.1,2.2,2.5,3,4,3.9,3.4,2.8,2.4,1.1,4.4,0.63
243.134,54.234,3.2,3,2.7,2.6,2.8,6.3,5.6,4.2,2.9,2.3,2.1,6.8,0.81
242.533,55.115,22.6,23.1,24,25,25.7,42.3,41.8,36.1,28,21.5,22.4,34.4,0.88
241.988,54.391,124.9,142.6,169.2,193.2,201.4,186.6,219.9,237.2,213.5,175.2,195.9,164.4,0.03
242.298,54.084,3.4,3.4,2.8,2.3,1.9,6.9,6.4,4.3,2.6,1.6,2,7.3,0.86
242.573,54.73,3.8,4.1,4.2,3.7,2.9,7.5,7.8,6.4,4.2,2.5,3.1,8.3,0.38
242.958,54.468,14.9,15.5,15.7,16.3,18.4,26.7,26.8,23,18,15.4,13.8,25.5,0.92
242.822,54.736,1.5,1.8,1.7,1.6,1.2,3.6,4,3.2,2.2,1.2,1,4.3,0
242.535,54.992,3.4,3.5,3.8,3.2,2.4,6.7,6.6,5.8,3.6,2,2.2,7.1,0.7
241.492,54.491,5.2,5.6,6.1,6.6,6.6,9.7,10,9,7.3,5.4,4.9,10.7,0.33
243.002,54.197,13.6,14.4,14.2,13.9,13.3,34,34.9,29,20.9,14.9,8.9,30.5,0.98
