244.064,54.623,2.183,1.438
244.021,54.796,5.835,4.889
243.973,54.225,1.291,1.025
243.965,54.26,1.451,1.154
243.956,54.633,1.47,1.259
243.919,54.221,2.499,0.95
243.882,54.169,2.161,1.015
243.869,54.222,1.26,0.947
243.878,54.875,24.392,1.617
243.859,54.234,1.453,1.412
243.865,54.454,12.128,5.623
243.854,54.243,1.544,1.274
243.852,54.398,5.493,4.472
243.852,54.335,0.994,0.739
243.864,54.943,10.944,9.83
243.856,54.705,1.502,0.963
243.841,54.304,3.501,2.533
243.841,54.53,2.005,1.578
243.84,54.589,3.689,3.638
243.843,54.974,3.553,2.51
243.83,54.812,2.415,1.925
243.81,54.994,3.525,2.46
243.788,54.31,0.966,0.749
243.779,54.309,1.635,0.948
243.759,54.282,1.066,0.807
243.742,54.074,1.598,0.88
243.746,54.172,1.256,1.329
243.757,54.861,1.716,0.978
243.752,54.935,1.223,1.388
243.738,54.592,1.487,1.397
243.72,54.473,2.321,1.85
243.721,54.665,1.225,0.686
243.665,53.904,1.505,1.122
243.661,54.38,15.33,15.677
243.654,54.276,1.172,0.908
243.648,54.327,3.483,3.675
243.645,54.209,0.766,0.681
243.642,54.241,4.89,1.749
243.643,54.641,0.995,0.687
243.636,54.682,2.063,2.139
243.627,54.428,0.993,0.806
243.627,54.426,0.816,0.793
243.599,54.065,0.939,0.879
243.621,54.983,1.168,0.913
243.594,54.03,1.956,1.566
243.606,54.612,1.116,1.03
243.588,54.295,11.649,12.324
243.601,54.722,3.953,1.076
243.586,54.567,2.453,2.016
243.555,54.07,23.994,16.032
243.566,54.725,24.145,18.203
243.573,55.069,2.561,2.073
243.545,54.028,1.748,0.831
243.543,54.065,21.297,6.603
243.558,54.733,9.027,6.845
243.555,54.713,4.511,2.349
243.539,54.165,0.968,0.994
243.53,54.322,0.754,0.701
243.525,54.338,0.622,0.715
243.533,54.928,1.495,1.015
243.502,53.954,33.615,11.496
243.488,53.974,2.045,1.591
243.488,54.18,0.616,0.649
243.486,54.662,0.88,0.92
243.47,54.116,4.657,3.498
243.493,55.04,2.873,0.924
243.45,54.235,29.822,10.513
243.455,55.03,1.464,0.963
243.426,54.199,0.657,0.762
243.435,54.689,2.277,2.539
243.401,54.216,4.742,5.53
243.397,54.185,3.551,1.015
243.4,54.503,2.399,1.843
243.393,54.218,0.745,0.771
243.385,54.065,5.198,1.186
243.38,54.275,3.222,1.968
243.38,54.455,207.857,170.727
243.373,54.249,1.77,1.021
243.367,54.069,6.186,0.84
243.364,53.929,1.424,0.735
243.373,54.507,2.078,2.468
243.373,54.628,2.548,2.097
243.385,55.143,2.077,1.959
243.335,54.276,9.109,4.691
243.328,54.177,2.475,1.914
243.341,55.105,1.134,1.328
243.316,53.917,1.3,1.252
243.316,54.016,0.68,0.803
243.33,54.861,1.414,1.28
243.313,54.229,0.566,0.663
243.311,54.297,10.68,7.733
243.31,54.34,1.04,0.979
243.321,55.16,2.988,2.438
243.311,54.738,0.631,0.572
243.295,54.061,1.041,0.859
243.271,54.005,1.784,1.047
243.274,54.583,1.339,0.612
243.255,54.168,1.318,0.924
243.263,54.781,0.633,0.546
243.243,54.476,0.981,1.088
243.233,53.998,1.113,0.834
243.23,54.124,0.885,0.962
243.213,53.993,10.694,4.65
243.223,54.687,0.704,0.602
243.224,54.796,0.652,0.749
243.226,54.924,1.424,1.105
243.206,54.144,2.065,1.106
243.213,54.48,1.245,1.572
243.219,55.117,1.203,0.943
243.197,53.914,1.191,1.106
243.199,53.991,0.598,0.605
243.2,54.588,1.962,2.147
243.206,55.045,12.198,7.962
243.203,55.043,9.465,6.796
243.194,54.714,0.532,0.501
243.187,54.473,1.183,1.254
243.177,54.161,0.564,0.75
243.174,54.656,0.818,0.781
243.163,54.148,0.391,0.443
243.155,53.969,5.257,0.733
243.154,54.312,4.745,5.064
243.155,54.393,0.828,0.728
243.164,54.956,1.472,1.616
243.16,55.01,1.613,1.381
243.146,54.488,0.888,0.989
243.138,54.15,0.742,0.634
243.145,54.555,0.757,0.44
243.13,54.301,34.29,25.615
243.143,55.07,1.288,0.84
243.139,54.942,1.164,0.543
243.125,54.09,0.406,0.507
243.119,53.755,1.301,1.096
243.116,53.963,2.364,1.926
243.127,54.853,4.748,1.852
243.128,54.87,1.385,1.769
243.115,54.25,1.657,0.631
243.112,54.043,1.175,1.393
243.12,55.11,30.219,30.571
243.111,54.641,0.447,0.583
243.095,54.019,11.013,4.582
243.105,54.39,0.684,0.9
243.098,54.061,1.423,1.231
243.113,55.024,0.712,0.8
243.106,54.863,0.423,0.77
243.106,54.918,2.323,2.783
243.099,54.561,0.757,0.708
243.093,54.151,0.726,0.488
243.1,54.651,0.763,0.938
243.096,54.644,5.994,7.809
243.089,54.096,3.627,3.355
243.093,54.873,6.288,7.409
243.094,54.753,0.934,0.546
243.09,54.781,2.624,1.689
243.085,54.78,2.017,1.569
243.08,54.161,1.098,0.686
243.077,54.121,0.738,0.604
243.088,55,0.7,0.633
243.085,54.961,1.13,1.314
243.073,54.295,0.762,0.857
243.076,54.88,1.073,0.715
243.075,54.845,0.506,0.587
243.059,54.08,3.795,2.02
243.059,54.143,1.138,0.901
243.064,54.926,2.248,2.517
243.056,54.594,0.895,0.419
243.045,53.925,2.111,1.885
243.049,55.381,321.503,262.444
243.048,54.513,0.509,0.584
243.033,54.206,0.396,0.491
243.036,54.485,0.601,0.431
243.04,54.84,0.716,1.013
243.03,54.328,1.24,1.267
243.04,55.289,3.561,2.232
243.021,54,0.8,0.742
243.037,55.268,2.991,2.409
243.019,54.581,0.669,0.971
243.02,54.697,0.974,1.163
243.007,54.002,0.845,0.815
243.019,54.919,0.701,0.633
243.013,54.759,6.155,7.925
243.001,54.704,0.784,0.855
242.996,54.404,0.874,0.946
242.997,54.738,3.442,4.058
242.991,54.957,0.479,0.665
242.979,54.522,6.359,7.329
242.973,53.983,1.296,1.274
242.968,54.026,14.104,13.551
242.972,54.145,0.836,0.928
242.974,54.549,0.568,0.421
242.972,54.656,0.53,0.585
242.963,54.196,0.455,0.598
242.96,54.885,0.696,0.746
242.958,54.788,3.78,4.8
242.954,54.529,0.497,0.57
242.947,54.11,0.422,0.545
242.945,54.069,0.945,1.052
242.94,54.165,1.01,1.043
242.948,54.865,0.674,0.515
242.932,53.887,1.689,1.699
242.931,54.119,1.827,2.066
242.936,54.507,0.315,0.457
242.931,54.275,1.29,1.102
242.931,54.367,0.579,0.566
242.924,53.906,0.515,0.686
242.916,53.86,9.072,8.089
242.918,54.245,1.253,1.581
242.918,54.292,0.551,0.507
242.908,53.992,38.486,19.211
242.916,54.74,0.755,0.716
242.91,54.323,0.788,0.798
242.907,54.131,0.949,1.042
242.907,54.221,3.259,3.913
242.904,54.038,0.64,0.513
242.907,54.555,0.529,0.671
242.894,54.394,0.43,0.549
242.895,54.666,0.465,0.411
242.887,54.265,0.425,0.513
242.879,53.982,1.234,0.503
242.877,54.275,5.413,4.598
242.878,54.278,6.015,4.265
242.888,55.21,6.476,6.438
242.887,55.054,0.692,0.846
242.87,53.962,4.52,4.407
242.873,54.769,16.052,21.451
242.872,54.179,0.63,0.369
242.872,54.503,0.811,1.123
242.862,54.097,0.765,0.891
242.863,54.22,0.521,0.672
242.862,54.239,1.976,2.135
242.864,54.377,1.097,1.308
242.86,54.455,0.677,0.821
242.858,54.641,2.161,2.053
242.848,53.928,1.511,1.536
242.847,54.866,1.012,1.126
242.838,54.529,10,7.203
242.831,54.216,0.933,0.762
242.832,54.468,0.588,0.942
242.836,55.038,1.188,1.791
242.82,53.739,31.371,26.382
242.822,54.039,0.762,0.886
242.823,54.275,2.13,1.646
242.817,53.991,0.954,0.505
242.817,54.109,1.127,1.067
242.82,54.477,0.417,0.471
242.817,54.422,1.653,1.966
242.815,54.695,0.902,1.133
242.808,54.03,0.811,0.689
242.803,54.555,7.665,3.636
242.798,53.939,13.798,10.697
242.807,54.945,1.192,1.404
242.8,54.413,0.582,0.398
242.794,53.681,2.404,1.876
242.802,55.14,1.915,1.767
242.794,54.155,0.987,1.16
242.801,54.941,0.586,0.485
242.79,53.969,2.49,2.267
242.788,54.205,0.54,0.569
242.789,54.783,1.107,1.511
242.782,54.148,0.781,0.536
242.78,54.399,0.476,0.431
242.778,54.83,0.718,0.654
242.769,54.476,0.644,1.015
242.769,54.924,1.041,1.319
242.766,54.723,1.002,0.748
242.76,54.263,6.118,7.496
242.76,54.392,1.15,1.375
242.759,54.967,2.482,2.132
242.754,54.265,0.391,0.581
242.751,54.7,42.731,48.998
242.751,54.702,36.809,37.331
242.749,53.95,0.838,0.649
242.743,54.091,0.452,0.551
242.748,55.119,2.359,2.737
242.742,54.59,0.415,0.614
242.739,54.876,0.701,0.891
242.73,54.383,0.506,0.546
242.728,54.549,1.666,1.404
242.731,54.951,0.745,1.082
242.726,54.143,0.587,0.398
242.728,54.831,0.424,0.46
242.728,55.012,0.586,0.585
242.722,54.826,0.659,0.859
242.72,54.628,1.141,0.959
242.714,53.69,1.651,1.545
242.716,54.231,0.652,0.755
242.713,54.095,0.587,0.618
242.715,54.534,0.481,0.665
242.718,55.205,0.904,0.957
242.702,54.463,0.675,0.661
242.699,54.075,0.41,0.493
242.7,54.167,0.52,0.43
242.7,54.395,0.603,0.587
242.7,54.785,0.757,0.869
242.696,54.457,0.677,0.756
242.694,54.594,0.547,0.506
242.691,53.951,0.453,0.489
242.692,54.391,1.743,2.085
242.69,54.08,0.784,0.814
242.687,54.122,0.495,0.471
242.688,54.603,1.193,1.518
242.684,54.119,0.397,0.485
242.687,54.949,0.499,0.62
242.689,55.296,1.118,1.151
242.688,55.348,3.441,2.789
242.674,54.107,2.958,0.881
242.674,53.937,1.3,0.88
242.672,54.176,1.267,1.242
242.673,54.497,0.583,0.747
242.666,54.109,5.236,2.705
242.671,55.142,1.665,1.107
242.668,54.445,0.558,0.656
242.664,54.202,0.584,0.44
242.665,54.52,0.581,0.864
242.66,53.67,1.068,1.12
242.652,54.685,9.905,7.56
242.65,54.079,1.071,1.335
242.649,54.333,0.595,0.637
242.648,54.195,0.439,0.548
242.648,54.431,0.416,0.498
242.647,54.714,0.587,0.583
242.636,54.757,0.741,1.091
242.631,54.718,1.761,2.033
242.629,54.051,4.049,0.595
242.629,55.127,4.421,4.609
242.625,54.528,0.351,0.5
242.625,55.026,2.165,1.855
242.62,53.74,1.54,1.012
242.621,54.024,1.03,0.532
242.618,53.776,3.573,2.571
242.619,54.595,0.754,0.786
242.614,53.855,0.963,0.589
242.612,54.177,0.394,0.406
242.61,53.702,1.707,1.059
242.61,54.608,4.137,5.707
242.611,54.992,2.442,2.871
242.607,54.327,0.497,0.682
242.605,53.78,1.268,0.644
242.594,54.504,15.229,17.406
242.597,54.5,10.674,8.77
242.597,54.058,3.133,3.321
242.598,55.017,1.137,1.344
242.596,55.024,0.63,0.565
242.591,53.798,1.482,1.104
242.59,54.033,0.756,0.638
242.59,54.598,1.263,1.559
242.587,54.65,13.755,17.968
242.591,54.93,0.409,0.603
242.588,54.087,0.56,0.704
242.579,54.053,2.349,2.494
242.58,54.365,1.238,1.665
242.575,54.392,0.823,0.987
242.572,53.915,3.954,4.032
242.572,53.7,1.297,1.299
242.573,54.514,0.744,0.487
242.569,54.029,3.747,3.82
242.571,54.116,0.393,0.457
242.566,53.877,2.12,1.787
242.565,54.104,0.847,0.428
242.562,53.953,0.704,0.657
242.563,54.936,0.656,0.895
242.563,54.971,0.837,0.766
242.559,54.004,0.774,0.661
242.553,54.825,0.836,1.312
242.556,54.074,4.459,4.801
242.556,55.113,1.005,0.704
242.556,55.372,2.336,1.559
242.553,54.592,4.673,6.222
242.55,54.74,0.503,0.661
242.549,54.328,0.35,0.439
242.536,54.132,3.71,3.586
242.533,54.135,4.362,1.948
242.54,54.128,2.959,1.145
242.54,54.546,0.597,0.782
242.536,53.842,1.119,0.674
242.532,54.843,0.528,0.516
242.531,54.696,0.531,0.514
242.53,54.108,0.413,0.499
242.526,54.308,0.758,1.066
242.526,54.152,0.37,0.522
242.524,54.174,1.075,0.443
242.521,55.163,1.215,1.249
242.521,54.585,0.515,0.503
242.518,54.873,0.512,0.432
242.511,54.277,29.962,23.491
242.513,54.608,0.56,0.706
242.508,55.005,1.673,0.779
242.503,53.879,4.258,3.302
242.502,54.449,0.446,0.59
242.502,55.246,5.372,5.061
242.5,54.035,0.517,0.571
242.496,55.011,22.86,19.872
242.495,55.005,17.603,21.198
242.498,54.613,0.699,0.686
242.495,53.823,6.701,5.746
242.497,54.077,0.857,1.035
242.497,54.655,0.552,0.56
242.495,54.346,0.516,0.37
242.477,55.066,3.945,1.098
242.476,54.307,0.472,0.519
242.476,54.137,0.432,0.541
242.47,54.99,5.582,2.801
242.472,54.996,5.456,2.842
242.473,54.373,0.642,0.624
242.472,53.747,36.179,31.021
242.468,55.118,2.667,2.279
242.456,54.142,6.482,3.689
242.458,54.269,0.593,0.437
242.455,55.064,0.588,0.785
242.456,54.463,0.535,0.552
242.454,54.637,0.383,0.423
242.452,55.289,2.947,1.195
242.452,54.986,0.793,1.125
242.451,54.603,1.017,1.173
242.451,54.869,1.277,1.831
242.45,54.15,1.315,1.558
242.448,54.325,0.461,0.399
242.447,53.586,2.72,1.289
242.444,54.702,11.574,16.228
242.445,54.318,0.507,0.767
242.445,54.407,0.463,0.583
242.443,54.476,0.468,0.64
242.442,54.358,0.444,0.417
242.441,53.828,1.658,0.871
242.435,54.629,7.721,6.894
242.433,54.63,6.411,7.523
242.431,53.961,16.618,16.262
242.433,54.282,0.688,0.747
242.43,54.612,0.839,1.084
242.427,55.355,1.439,1.309
242.428,54.252,0.776,1.002
242.419,54.793,0.52,0.461
242.417,54.436,0.481,0.339
242.416,54.539,0.431,0.462
242.414,54.602,0.86,1.149
242.406,54.216,1.93,1.711
242.405,54.676,0.701,0.892
242.396,54.518,0.349,0.376
242.394,53.873,1.236,0.958
242.393,54.072,0.546,0.678
242.393,54.42,0.506,0.527
242.391,53.956,0.669,0.636
242.389,54.029,1.394,0.879
242.382,54.321,2.898,3.201
242.379,54.323,2.172,2.444
242.381,55.045,1.242,1.163
242.384,53.766,0.914,0.715
242.383,53.999,1.247,1.118
242.381,54.308,2.524,2.971
242.378,54.662,0.61,0.571
242.378,54.245,0.529,0.446
242.376,54.82,0.694,0.77
242.377,53.926,6.218,6.035
242.378,54.135,0.673,0.713
242.376,54.698,0.497,0.475
242.374,54.398,0.584,0.603
242.372,54.495,0.665,0.391
242.37,54.145,0.744,0.71
242.367,54.33,0.536,0.738
242.368,54.351,0.525,0.584
242.367,54.476,0.967,1.222
242.365,54.818,0.723,0.865
242.368,53.997,0.531,0.554
242.365,53.928,1.509,1.369
242.359,55.22,1.114,1.19
242.361,54.181,2.49,2.943
242.36,54.343,0.36,0.567
242.356,54.368,0.573,0.347
242.347,54.723,2.065,2.855
242.342,53.911,8.234,0.95
242.339,55.017,0.586,0.607
242.337,54.731,1.52,1.757
242.338,53.614,18.549,12.292
242.332,53.614,15.148,4.647
242.333,54.383,0.307,0.437
242.329,54.728,1.518,0.651
242.331,54.677,0.805,1.108
242.327,55.355,2.933,1.556
242.329,54.669,0.483,0.525
242.328,54.929,0.592,0.487
242.329,54.378,0.982,1.299
242.323,54.591,0.374,0.436
242.319,54.694,1.361,0.343
242.315,54.462,1.199,1.555
242.314,54.231,2.882,3.336
242.312,54.512,0.346,0.436
242.304,54.309,0.705,0.902
242.304,54.086,0.664,0.798
242.289,54.72,0.796,0.5
242.288,54.471,0.323,0.517
242.283,55.378,3.469,1.393
242.29,54.057,0.696,0.526
242.287,53.6,22.88,17.306
242.276,55.313,1.489,1.33
242.28,54.36,0.655,0.837
242.276,54.568,1.9,2.585
242.275,54.272,0.587,0.727
242.269,54.29,2.557,3.1
242.268,54.883,12.885,14.194
242.269,54.658,0.377,0.442
242.268,53.906,4.553,1.142
242.268,54.238,0.713,0.52
242.265,54.041,0.726,0.434
242.261,54.119,2.347,0.37
242.257,55.054,0.623,0.882
242.26,54.313,0.685,0.761
242.259,54.043,0.785,0.841
242.259,54.098,0.551,0.48
242.257,53.889,1.309,0.88
242.255,54.302,0.846,0.882
242.255,54.166,0.326,0.485
242.256,53.594,4.62,1.193
242.242,54.662,2.474,3.268
242.245,54.042,6.514,6.853
242.242,54.305,4.724,5.757
242.239,54.175,0.906,1.039
242.233,55.02,0.84,0.584
242.231,54.904,0.801,0.778
242.231,54.428,0.518,0.674
242.224,54.793,1.2,1.212
242.221,54.551,0.376,0.515
242.219,54.709,0.629,0.882
242.209,54.898,4.146,0.897
242.208,54.739,1.742,2.119
242.203,54.864,1.442,1.894
242.202,54.911,0.533,0.528
242.202,54.51,0.896,0.585
242.207,53.995,0.726,0.435
242.204,54.086,27.985,13.505
242.2,54.288,0.461,0.549
242.196,54.614,0.552,0.619
242.197,54.021,2.056,1.737
242.193,54.093,17.362,3.833
242.19,54.659,0.46,0.536
242.187,54.843,0.518,0.607
242.183,55.305,1.392,1.079
242.165,54.777,0.69,0.791
242.166,54.61,0.418,0.435
242.168,54.364,0.605,0.753
242.162,54.464,7.974,10.784
242.162,54.282,6.975,6.494
242.161,54.227,0.661,0.822
242.151,55.238,2.013,1.94
242.154,54.628,1.114,1.201
242.158,53.961,1.4,1.028
242.154,54.564,0.313,0.41
242.14,54.581,9.174,12.285
242.15,54.572,11.598,9.874
242.155,54.258,1.066,1.235
242.149,54.83,0.628,0.872
242.151,54.238,11.63,4.976
242.147,54.276,1.95,2.482
242.147,53.994,3.808,3.657
242.149,53.639,52.29,39.345
242.148,53.839,1.647,0.739
242.142,54.47,0.614,0.844
242.134,54.839,11.663,13.111
242.129,55.097,0.883,0.823
242.13,53.738,10.883,2.335
242.132,54.491,0.39,0.391
242.125,54.596,14.646,14.485
242.13,54.376,0.375,0.477
242.124,54.909,0.436,0.742
242.118,54.748,1.774,1.509
242.118,54.175,56.931,62.275
242.11,54.121,1.002,0.484
242.105,54.636,0.702,0.779
242.105,54.347,0.681,0.71
242.103,54.342,0.513,0.366
242.105,54.005,0.68,0.524
242.092,55.178,3.416,3.595
242.098,54.658,0.776,0.748
242.09,54.977,2.024,2.534
242.094,54.39,0.972,0.685
242.092,54.601,0.574,0.802
242.099,53.693,2.872,1.833
242.089,54.505,12.791,8.433
242.089,53.907,1.091,0.511
242.08,54.638,0.768,0.771
242.073,55.329,1.511,1.483
242.069,54.604,0.467,0.549
242.061,55.065,1.133,0.837
242.059,54.477,1.768,1.853
242.063,54.133,0.758,0.721
242.058,54.328,0.884,1.092
242.05,55.004,2.686,2.944
242.051,54.924,0.938,0.768
242.051,54.628,1.829,2.457
242.047,54.982,0.791,1.055
242.043,54.778,12.061,1.177
242.04,54.783,2.066,2.466
242.036,54.789,8.286,1.629
242.049,54.427,0.585,0.745
242.045,54.74,0.553,0.692
242.045,54.491,0.501,0.549
242.039,54.877,0.591,0.704
242.036,54.944,1.403,1.664
242.035,55.016,1.183,1.242
242.035,54.465,1.081,1.271
242.04,53.905,0.796,0.651
242.032,54.252,0.991,1.078
242.031,54.449,0.577,0.867
242.024,54.616,0.437,0.561
242.022,54.758,0.386,0.507
242.021,54.632,0.475,0.639
242.015,54.884,1.951,1.93
242.018,54.505,0.381,0.492
242.014,54.041,5.902,5.642
242.007,54.664,1.025,0.785
242.012,54.311,0.584,0.68
242.008,54.341,12.931,5.283
242.006,54.612,0.539,0.472
242.004,54.362,5.842,2.227
241.989,55.172,4.003,1.094
242,54.37,1.5,0.64
241.996,54.572,0.748,0.425
241.988,55.046,0.974,0.903
241.988,54.778,3.962,4.644
241.991,54.277,11.779,4.564
241.999,53.901,1.25,0.936
241.995,54.076,0.823,0.671
241.992,54.398,0.71,0.937
241.99,54.049,0.437,0.573
241.986,54.396,0.504,0.42
241.987,54.148,0.833,0.96
241.988,53.682,3.857,1.189
241.974,54.624,2.266,2.945
241.985,53.736,2.365,2.088
241.979,53.954,1.296,1.07
241.968,54.71,0.841,0.992
241.962,55.208,1.136,0.991
241.968,54.41,0.785,0.447
241.967,54.143,4.382,3.918
241.964,54.483,0.388,0.487
241.965,54.281,0.657,0.606
241.946,55.081,1.035,1.145
241.947,54.468,0.779,1.017
241.942,54.684,0.911,0.925
241.94,54.782,0.874,1.025
241.935,54.839,33.523,34.956
241.941,54.201,5.7,3.609
241.944,53.81,0.952,0.751
241.94,53.79,3.774,2.562
241.933,54.3,0.48,0.443
241.921,55.032,1.628,1.785
241.925,54.468,0.386,0.367
241.935,53.722,1.605,1.457
241.917,54.497,1.24,1.376
241.916,54.49,1.31,1.557
241.917,54.366,0.83,0.409
241.908,54.767,2.923,3.192
241.902,54.593,14.756,10.33
241.905,54.18,2.658,0.96
241.896,54.557,1.271,1.363
241.903,53.959,3.926,0.8
241.899,54.229,1.201,1.292
241.892,54.705,0.837,0.892
241.883,54.853,2.329,1.506
241.878,54.944,1.537,1.135
241.883,54.379,2.412,1.874
241.878,54.848,1.343,0.914
241.887,54.204,2.606,2.431
241.883,54.373,1.974,2.031
241.88,54.501,0.823,0.805
241.873,54.416,0.615,0.421
241.869,54.693,0.625,0.726
241.87,54.228,0.97,0.864
241.857,54.788,3.363,0.947
241.864,54.31,0.456,0.467
241.85,54.725,0.68,0.686
241.852,54.629,0.493,0.675
241.853,54.203,1.929,1.353
241.839,55.066,2.095,1.625
241.859,53.738,2.727,1.172
241.856,53.898,4.251,3.695
241.845,54.487,0.752,0.715
241.838,54.799,2.875,3.237
241.828,54.735,0.718,0.564
241.834,54.326,0.723,0.766
241.84,53.777,46.299,36.42
241.836,54.098,1.959,1.721
241.818,54.721,0.579,0.656
241.808,54.817,2.35,0.603
241.811,54.485,0.416,0.541
241.812,54.451,0.496,0.496
241.808,54.364,1.316,1.22
241.804,54.469,1.755,1.073
241.809,54.266,0.846,0.795
241.802,54.103,4.655,3.863
241.789,54.823,0.82,0.739
241.791,54.101,3.409,1.074
241.772,55.087,1.306,1.652
241.773,54.865,0.764,0.717
241.775,54.176,0.594,0.774
241.762,54.571,1.332,1.473
241.766,54.275,0.472,0.572
241.76,54.482,1.273,1.286
241.76,54.397,0.486,0.53
241.739,55.065,1.579,1.248
241.762,53.691,23.08,18.395
241.741,54.726,15.501,9.022
241.749,54.229,1.114,0.889
241.741,54.057,2.512,1.09
241.733,54.25,1.307,1.269
241.714,54.249,3.311,0.67
241.696,54.253,5.857,4.437
241.703,53.84,2.578,1.663
241.678,54.454,1.248,1.509
241.675,54.444,2.971,3.052
241.675,54.47,0.738,0.612
241.659,54.989,1.976,1.34
241.662,54.388,1.57,1.311
241.647,54.584,41.263,7.277
241.65,54.547,31.319,8.797
241.643,54.762,2.545,2.905
241.645,53.896,183.237,27.01
241.633,54.415,0.786,0.72
241.641,53.938,21.149,18.798
241.616,54.937,1.641,1.857
241.609,54.819,11.96,0.839
241.595,55.198,1.439,1.557
241.611,54.354,1.534,0.695
241.589,54.947,4.861,1.535
241.598,54.099,293.154,263.602
241.578,54.939,2.538,2.032
241.592,54.227,67.273,63.907
241.555,55.033,2.87,1.225
241.54,54.057,73.713,63.58
241.526,54.483,1.006,1.33
241.524,54.469,38.373,32.286
241.513,54.992,1.344,1.477
241.52,54.478,8.7,5.291
241.525,53.807,88.393,34.584
241.499,54.901,742.263,205.624
241.503,53.801,104.17,41.906
241.47,55.176,19.366,15.685
241.486,54.513,0.977,0.854
241.467,54.761,4.611,1.371
241.464,55.07,2.283,2.161
241.473,54.374,1.916,1.028
241.473,54.295,12.435,11.85
241.469,54.114,12.933,8.619
241.447,54.075,4.991,3.861
241.426,54.779,25.266,22.409
241.416,54.919,3.77,1.627
241.414,54.763,3.665,3.735
241.434,53.959,2.631,1.572
241.408,54.655,435.419,329.597
241.4,54.207,1.887,1.805
241.392,54.399,0.689,0.589
241.391,54.268,1.021,0.799
241.365,53.927,10.973,8.016
241.343,54.492,15.815,10.297
241.342,54.358,0.879,1.068
241.326,54.878,2.353,1.246
241.329,54.35,13.599,7.767
241.342,53.879,8.927,2.569
241.312,54.761,8.808,4.284
241.317,53.903,3.836,2.704
241.271,55.013,171.766,30.313
241.267,54.743,2.568,1.367
241.28,54.048,6.378,4.903
241.266,54.556,1.713,1.513
241.264,54.305,1.738,1.535
241.261,54.407,0.841,0.666
241.251,54.225,2.575,1.381
241.251,54.231,1.758,1.666
241.236,54.358,1.505,1.02
241.214,54.838,2.609,1.51
241.22,54.248,1.948,1.387
241.168,54.958,1.826,1.695
241.175,54.723,2.339,1.478
241.169,54.641,64.69,28.175
241.174,54.645,19.071,12.927
241.17,54.847,2.192,1.488
241.165,54.528,62.553,32.643
241.163,54.357,1.233,0.949
241.145,54.572,16.639,6.021
241.141,54.742,2.098,1.155
241.12,54.726,2.058,1.856
241.118,54.25,2.89,2.365
241.083,54.389,7.422,5.865
241.079,54.257,1.801,1.485
241.034,54.425,2.26,0.984
241.025,54.346,3.856,2.588
240.969,54.495,3.195,1.307
240.951,54.44,5.695,4.055
242.165,55.195,0.263,0.758
241.449,54.609,0.53,0.276
243.55,54.299,0.248,0.591
241.715,54.028,0.73,0.293
241.529,54.214,0.219,0.201
243.549,54.322,0.577,0.195
242.592,54.261,0.384,0.321
242.977,54.964,1.398,0.266
242.896,54.866,0.587,0.191
243.471,54.065,1.606,0.287
243.252,53.81,0.285,0.251
241.944,53.732,0.472,0.281
242.758,54.254,0.247,0.274
243.346,53.743,0.432,0.257
241.564,53.815,0.284,0.349
243.656,53.819,1.13,1.126
243.153,54.702,0.451,0.223
242.348,54.254,0.206,0.327
242.984,54.214,0.439,0.619
242.698,54.747,0.613,0.474
241.834,54.378,0.403,0.651
242.623,54.066,0.218,0.383
241.765,54.696,0.213,0.442
242.8,54.928,2.177,0.254
243.122,54.015,0.764,0.238
242.585,54.862,0.589,0.62
242.843,55.111,0.739,0.261
242.559,54.28,0.533,0.654
242.483,54.845,0.459,0.48
242.946,54.885,0.864,0.511
243.261,54.257,0.203,0.243
243.359,54.18,0.448,0.206
241.904,55.108,0.395,0.469
242.126,54.438,0.227,1.062
242.329,54.442,0.358,0.216
243.675,54.018,2.188,0.34
241.444,54.385,0.313,0.466
243.427,55.034,0.381,0.616
243.166,53.986,0.613,0.706
243.45,55.036,0.631,0.196
242.938,54.457,0.319,0.306
243.344,54.253,0.434,0.222
243.053,54.441,0.516,0.268
243.052,55.144,0.564,0.345
242.262,54.188,0.391,0.197
242.541,55.261,0.384,0.526
243.383,54.165,1.106,0.203
242.984,53.862,0.33,0.552
242.676,54.953,0.794,0.206
243.635,55.101,0.344,0.849
243.863,54.139,0.782,0.317
242.604,53.881,0.54,0.207
242.176,55.074,0.311,0.336
242.37,54.774,0.337,0.271
243.479,55.097,1.361,0.227
241.306,55.117,0.411,0.401
242.818,54.687,1.31,0.331
243.259,53.822,3.273,0.268
243.146,54.675,0.279,0.516
243.575,54.336,0.708,0.313
242.856,54.06,0.499,0.274
242.734,54.914,0.524,0.327
242.735,54.043,0.67,0.289
241.005,55.044,0.467,0.294
241.121,55.086,1.186,0.24
243.636,54.581,0.313,0.657
243.855,54.807,0.439,0.232
242.117,54.751,0.428,0.188
242.221,54.388,0.405,0.665
241.607,54.441,0.372,0.41
241.538,54.83,0.25,0.426
241.182,54.793,0.686,0.274
242.629,55.101,0.312,0.206
241.752,54.296,0.764,0.277
241.574,55.143,0.81,0.369
242.538,53.828,0.475,0.243
243.388,54.074,0.365,0.234
243.605,54.616,1.062,0.225
242.659,55.036,0.366,0.158
244.043,54.434,0.251,0.258
241.796,54.539,0.756,0.321
241.491,54.456,0.421,0.531
243.584,55.11,1.679,0.44
241.64,54.215,0.591,0.33
244.014,54.936,0.496,0.216
242.776,53.75,5.18,0.18
242.73,54.686,0.27,0.523
242.785,54.712,1.122,0.187
241.41,53.593,0.482,0.309
242.033,54.092,0.819,0.174
241.167,54.357,0.246,0.218
241.727,54.1,0.353,0.531
242.033,55.112,0.599,0.265
242.675,54.423,0.222,0.286
243.569,54.919,0.786,0.396
241.888,54.408,0.245,0.176
242.767,54.604,0.419,0.227
243.436,53.923,0.316,0.239
241.951,53.975,0.455,0.235
243.22,54.475,0.193,0.29
241.596,54.964,0.392,0.501
242.727,53.911,0.361,0.483
242.648,54.098,0.655,0.217
243.014,53.872,1.3,0.334
242.447,54.987,0.426,0.169
242.677,55.133,1.261,0.213
241.967,53.94,0.389,0.316
242.755,54.842,0.434,0.195
243.485,54.832,0.626,0.407
242.686,54.248,0.367,0.306
243.34,53.833,10.663,0.323
242.439,53.796,0.582,0.236
242.175,55.108,1.103,0.314
241.643,54.082,4.444,0.268
242.608,55.001,0.227,0.373
242.396,54.4,0.533,0.95
243.007,54.438,0.217,0.386
241.842,53.643,0.221,1.312
243.563,55.184,0.427,0.308
242.656,53.923,0.171,0.598
243.074,54.663,0.314,0.22
243.453,54.292,0.36,1.062
243.168,55.185,0.222,0.358
242.752,53.905,0.977,0.4
242.069,54.542,0.376,0.332
242.435,55.142,2.235,0.409
243.747,54.667,0.435,0.219
242.138,54.811,0.62,0.231
242.515,54.741,0.395,0.235
243.084,54.866,1.064,0.168
243.308,53.814,0.227,0.914
242.004,54.031,0.734,1.071
243.642,54.344,0.361,0.696
241.372,54.566,0.374,0.3
241.789,54.406,0.401,0.246
242.251,54.946,0.368,0.258
242.294,55.038,0.413,0.222
242.407,53.938,1.122,0.211
243.942,53.726,0.2,0.273
243.187,54.008,0.243,0.4
242.394,54.157,0.288,0.3
242.664,54.092,1.278,0.248
241.389,54.351,1.366,0.169
243.174,54.286,0.661,0.312
241.84,54.522,0.344,0.31
243.01,54.42,0.272,0.197
242.065,54.122,0.486,0.364
243.227,53.711,11.552,0.314
243.672,53.918,1.191,0.508
243.517,55.104,1.305,0.732
241.296,54.612,0.259,0.299
242.638,54.479,0.717,0.314
243.063,54.837,0.689,0.336
242.166,53.969,0.239,1.221
241.702,54.16,0.225,0.543
242.77,55.11,0.312,1.124
242.55,55.026,0.261,0.656
242.776,53.934,0.553,0.699
243.361,54.964,0.654,0.173
242.482,54.81,0.582,0.347
241.774,54.432,0.37,0.37
242.599,54.857,1.027,0.186
242.132,53.783,0.441,0.361
241.839,54.389,1.285,0.449
242.733,54.481,1.289,0.503
243.748,54.339,0.742,2.157
240.99,54.743,0.476,0.211
242.589,54.332,0.981,0.213
243.073,53.691,0.293,0.259
241.413,55.28,0.641,0.41
241.628,54.134,8.392,0.222
243.158,53.817,11.363,0.291
243.387,54.387,0.249,0.233
242.512,54.402,0.341,0.249
243.777,54.866,0.452,0.352
242.138,55.265,0.543,0.36
241.697,55.033,0.481,0.286
242.305,54.241,0.468,0.366
241.906,54.336,0.773,0.424
242.55,54.342,0.179,0.239
242.451,55.032,1.022,0.504
243.558,53.873,0.491,0.303
242.46,53.715,0.28,0.497
243.877,53.907,0.719,0.41
242.527,54.538,0.225,0.279
242.978,54.716,0.245,0.189
243.059,55.023,0.536,0.225
242.137,54.018,0.189,0.244
241.639,55.08,0.257,0.321
243.252,55.023,0.18,0.893
243.147,55.14,0.602,0.303
242.315,55.126,1.848,0.352
242.76,55.115,0.474,0.403
243.154,54.296,0.506,0.33
242.881,53.976,0.611,0.833
241.568,54.879,0.304,0.195
242.983,54.289,0.268,0.302
243.608,54.757,0.775,0.257
242.779,54.778,0.189,0.218
243.184,54.478,0.438,0.397
242.525,54.521,0.434,0.303
243.012,53.672,0.272,0.244
243.6,54.571,1.442,0.766
241.492,55.407,0.266,0.386
242.404,53.828,0.407,0.885
243.298,54.164,0.196,0.38
242.769,53.785,0.509,0.307
242.871,53.806,0.358,0.224
240.917,54.16,0.353,1.197
242.035,54.301,0.484,0.346
242.205,53.713,0.189,0.307
242.672,55.02,0.207,0.442
243.833,55.12,0.407,0.799
242.542,54.357,0.778,0.202
242.035,54.315,0.217,0.206
243.606,53.851,0.299,0.449
242.784,54.912,1.288,0.341
242.235,54.468,0.318,0.2
242.48,54.896,0.322,0.279
243.542,54.798,0.233,0.765
243.236,54.367,0.528,0.329
243.583,54.84,0.501,0.153
242.943,55.188,0.393,0.633
242.041,54.96,0.283,0.547
243.545,55.242,0.609,0.717
241.748,55.139,1.588,0.229
243.393,55.205,0.398,0.232
242.266,54.773,0.211,0.2
244.032,55.309,0.087,0.443
243.17,54.826,0.969,0.734
242.733,54.178,0.158,0.341
243.119,54.679,0.437,0.308
242.174,54.276,1.04,0.227
243.257,53.959,0.304,0.306
241.184,54.435,0.812,0.397
241.813,54.26,0.225,0.581
241.281,54.165,0.355,0.251
242.165,53.811,0.32,0.658
243.053,54.232,0.396,0.443
243.605,54.196,0.304,0.509
241.472,54.389,0.366,0.304
243.384,54.83,0.423,0.274
241.852,53.613,0.225,0.227
243.584,55.34,0.289,0.464
241.452,54.62,1.029,0.258
243.007,54.45,0.185,0.197
242.13,55.207,0.401,0.253
243.087,55.134,0.478,0.195
243.394,54.567,1.111,0.425
242.471,54.82,0.383,0.262
242.242,54.448,1.079,0.677
243.933,55.167,0.3,0.228
242.884,54.799,1.498,0.223
242.392,54.813,1.025,0.268
243.917,55.436,2.05,0.181
243.128,54.281,0.603,0.266
242.075,54.108,0.321,0.469
243.496,54.607,0.406,0.282
243.137,55.037,0.692,0.308
241.858,54.008,5.538,0.601
242.571,54.489,0.542,0.484
242.402,54.1,0.289,0.427
243.479,54.292,1.546,0.224
241.502,54.559,0.585,0.512
241.656,54.544,0.234,1.064
243.077,55.061,0.173,0.323
241.832,54.927,0.511,0.3
243.265,54.452,0.181,0.286
242.725,54.174,0.239,0.529
242.763,54.216,0.612,0.213
241.797,54.194,0.546,0.213
243.728,54.055,2.826,0.433
241.706,53.955,0.251,0.21
242.966,54.111,0.233,0.518
243.214,53.811,0.254,0.317
243.758,54.091,0.653,0.742
241.969,54.961,0.75,1.292
242.714,54.048,0.547,0.335
242.389,54.39,1.262,0.259
242.353,54.359,0.321,0.319
242.66,54.56,0.86,0.817
242.637,54.499,1.161,1.102
243.554,54.214,0.478,0.21
242.864,54.158,1.626,0.3
242.011,54.849,0.296,0.212
243.085,53.98,0.766,0.375
241.894,54.284,0.462,0.355
242.22,54.732,0.382,0.518
243.853,54.516,0.578,0.339
243.269,54.752,0.764,0.399
243.694,54.225,0.306,0.301
242.943,55.313,0.226,0.386
242.403,54.404,0.555,0.242
243.071,54.902,0.251,0.311
242.626,53.965,0.285,0.216
242.961,55.331,0.352,0.251
243.081,54.914,0.436,0.327
242.837,54.884,0.262,0.226
241.706,54.393,0.202,0.266
243.324,54.537,1.758,0.468
243.814,55.243,0.596,0.329
242.33,54.942,0.387,0.444
242.874,54.991,0.38,0.397
242.853,54.507,1.075,0.266
241.897,54.041,1.645,0.266
242.176,53.675,0.559,0.294
241.833,54.308,0.492,0.452
242.545,54.124,0.717,0.315
241.615,54.665,1.112,0.379
242.482,54.582,0.56,0.218
242.644,54.38,0.379,0.358
242.869,54.464,1.212,1.092
241.356,54.445,0.286,0.39
241.801,53.671,0.716,0.316
241.51,54.408,0.333,0.381
242.503,55.133,0.202,0.27
242.547,54.306,0.558,0.477
243.404,54.579,0.505,0.762
243.231,53.93,0.521,0.178
243.493,53.826,1.06,0.337
242.673,55.278,1.368,0.91
243.679,54.874,0.374,0.539
241.48,55.099,0.848,0.267
241.825,53.954,0.505,0.483
242.801,54.648,0.227,0.677
242.852,54.667,0.332,1.92
242.267,55.3,0.337,0.363
241.811,55.29,0.316,0.638
242.782,54.495,0.587,0.259
243.201,54.944,0.465,0.32
242.852,54.218,0.363,0.548
243.068,55.285,1.018,0.591
243.097,54.625,0.487,0.225
242.644,54.192,0.514,0.233
241.64,54.551,0.249,0.884
242.999,55.068,0.132,0.182
242.3,54.336,0.197,0.204
243.482,54.321,0.253,1.321
242.57,53.931,0.393,0.339
242.753,54.692,0.22,0.298
243.657,54.177,0.6,0.255
242.357,54.899,0.58,0.506
242.049,54.861,1.747,0.471
242.761,54.006,0.437,0.584
242.253,54.235,0.218,0.374
241.877,53.68,0.396,0.183
242.171,54.513,0.23,0.642
242.106,54.333,0.75,0.287
242.128,55.284,1.593,0.41
243.524,54.178,0.459,0.361
242.182,55.196,0.331,0.24
242.097,54.603,0.685,0.824
243.508,54.714,0.806,0.228
242.038,55.23,0.366,0.86
241.939,54.776,0.476,6.557
242.069,53.811,0.331,0.281
242.805,54.367,0.224,0.328
242.435,55.287,1.804,0.38
243.645,54.954,1.703,0.256
241.599,55.041,0.443,0.192
243.316,54.638,0.508,0.236
243.34,55.192,0.433,0.421
242.842,54.51,0.841,0.198
241.766,54.341,0.447,0.317
243.125,54.796,0.421,0.859
242.513,53.761,0.233,0.164
242.975,53.865,0.293,0.432
243.554,53.893,1.042,0.304
243.551,55.067,0.342,0.268
242.03,55.289,0.23,0.27
243.415,55.089,0.205,0.284
243.417,54.709,0.741,0.311
243.109,54.123,0.705,0.227
243.17,54.777,0.398,0.405
242.404,54.109,0.246,0.328
242.386,54.183,1.141,0.203
242.702,54.032,0.289,0.239
241.484,54.298,0.631,0.51
243.039,54.919,0.542,0.213
243.018,53.879,0.935,0.302
241.462,54.905,0.225,0.963
242.243,54.199,0.242,0.505
241.346,55.137,2.072,0.405
242.441,54.345,0.393,0.896
242.722,54.271,0.218,0.218
241.061,54.66,0.317,0.272
243.315,54.156,0.203,1.455
242.121,54.382,0.226,1.626
241.058,54.339,0.169,0.176
243.55,54.612,0.464,0.304
242.17,54.338,0.251,0.496
242.04,54.136,0.427,0.645
242.405,54.39,0.948,0.266
242.778,54.853,0.192,0.316
242.203,54.219,0.277,0.652
243.563,54.991,0.288,0.269
243.226,54.692,0.244,0.212
243.045,54.713,0.847,0.282
242.007,54.746,0.649,0.736
242.374,54.253,0.377,0.169
241.947,53.596,0.172,0.851
242.01,54.466,0.543,0.535
242.839,54.832,0.202,0.231
242.606,54.376,0.51,0.319
242.851,54.041,1.593,0.273
242.65,54.827,0.276,0.27
243.125,53.797,0.26,0.833
242.907,55.108,0.285,0.295
242.658,54.624,0.257,0.217
241.341,54.046,9.924,0.335
243.011,54.853,0.88,0.377
241.934,54.757,0.288,0.204
243.231,55.397,0.479,0.331
242.789,53.864,0.331,0.185
243.019,54.291,0.745,0.428
242.891,54.816,0.24,0.227
242.795,54.586,1.175,0.125
242.216,55.195,0.833,0.243
242.844,54.573,0.264,0.271
242.34,54.143,0.437,0.192
243.466,54.148,0.519,0.721
241.509,54.679,0.988,0.309
243.708,54.387,0.203,0.459
243.372,54.529,0.183,0.418
242.346,53.977,0.814,0.335
242.325,54.146,0.482,0.2
243.046,53.792,0.39,0.247
242.482,54.551,0.282,0.491
243.122,54.816,0.399,0.319
243.283,54.227,0.548,0.557
242.523,54.09,0.313,0.331
242.932,54.457,0.58,0.195
243.253,53.949,0.312,0.181
242.027,54.765,0.429,0.176
242.564,55.231,0.16,0.308
242.328,54.08,0.329,0.62
242.214,54.809,0.585,0.235
242.892,54.311,0.911,0.338
242.515,54.385,0.659,0.24
242.387,54.63,0.883,0.422
242.915,55.357,0.23,0.389
241.182,54.156,0.187,0.177
243.99,54.106,0.348,0.334
242.96,54.33,0.949,1.232
242.366,55.19,0.354,0.174
241.267,54.757,0.187,0.954
242.806,54.997,0.479,0.275
243.865,53.718,0.273,0.203
242.681,54.384,1.308,0.223
242.14,54.263,0.218,0.238
242.741,54.213,1.331,0.545
241.729,54.754,0.365,0.171
243.33,54.382,0.224,0.324
243.439,54.446,2.328,0.206
242.963,54.369,0.498,0.67
243.268,54.018,0.221,0.486
243.413,54.387,3.532,0.526
242.886,54.756,0.296,0.454
243.265,55.041,1.339,0.201
242.95,53.9,0.415,0.197
242.174,54.14,0.815,0.298
241.835,54.17,0.223,0.336
242.033,54.3,1.053,0.235
243.727,54.409,0.288,0.204
242.983,53.934,0.109,0.742
242.561,54.738,1.713,0.203
242.43,54.958,0.248,0.194
242.653,54.616,0.217,0.204
242.156,53.917,0.597,0.256
243.661,54.613,0.211,1.097
242.391,55.428,0.396,0.207
243.249,54.673,0.428,0.346
242.963,55.08,0.408,0.28
242.707,54.946,0.153,0.448
242.601,55.396,0.459,0.23
241.358,54.413,0.383,0.772
243.364,54.945,0.356,0.566
241.824,55.149,0.201,0.168
242.11,55.102,0.66,0.394
242.362,54.356,0.395,0.183
242.144,54.248,0.578,0.362
241.908,54.733,1.314,0.728
242.577,54.807,0.332,0.458
241.274,55.346,0.302,0.178
243.95,55.066,0.293,0.32
242.528,54.996,0.286,0.553
243.113,54.516,1.234,0.374
242.705,55.216,0.271,0.466
242.42,55.049,0.445,0.22
243.023,55.13,0.5,0.215
242.981,54.395,0.322,1.057
243.622,54.518,0.326,0.261
241.642,54.525,0.395,0.466
241.308,54.161,0.33,0.426
241.63,55.118,0.913,0.206
243.946,54.329,0.521,0.444
241.811,54.322,0.353,0.261
242.282,54.585,0.237,0.559
243.162,54.036,0.28,0.844
242.074,54.665,0.235,0.302
242.908,54.262,0.321,0.952
242.585,54.247,1.163,0.256
241.241,54.155,0.413,0.23
241.856,54.87,0.295,0.791
243.148,53.892,0.683,0.272
242.274,53.863,0.178,0.402
242.096,54.896,0.448,0.167
243.204,54.674,0.23,0.356
242.461,55.376,0.316,0.14
243.408,54.286,1.089,0.234
242.931,55.268,0.959,0.268
243.013,54.268,0.694,0.231
242.969,54.794,0.28,0.248
241.618,54.183,0.173,0.178
242.399,54.023,0.424,0.671
241.205,55.179,0.316,0.326
241.783,54.77,0.231,0.432
241.639,54.322,0.509,0.38
243.603,55.134,0.39,0.304
243.473,54.278,0.291,0.386
243.434,54.671,1.205,0.406
241.88,54.4,0.235,0.433
243.185,54.267,0.918,0.562
241.538,54.555,1.403,0.24
243.133,54.344,0.277,6.296
243.572,54.42,0.391,0.333
243.676,54.549,0.619,0.238
243.04,54.467,0.356,0.205
242.606,53.881,0.993,1.096
243.167,54.784,1.472,0.177
241.967,54.043,0.228,0.535
242.246,54.864,0.302,0.234
243.187,54.726,0.341,0.335
241.917,53.884,1.452,0.32
242.455,55.243,0.485,0.187
243.309,55.058,0.374,0.236
242.905,54.395,0.194,0.307
241.972,55.283,0.276,0.316
243.724,55.404,0.281,0.25
242.521,55.259,1.01,0.353
242.668,54.547,0.196,0.504
243.316,54.928,0.231,0.439
242.815,54.252,0.273,0.209
242.111,54.207,0.362,0.32
243.068,54.902,0.267,0.224
243.344,54.684,0.375,0.372
243.069,54.417,16.063,0.496
243.439,54.996,1.112,0.257
243.112,54.214,0.285,0.324
242.84,53.63,0.204,0.248
243.245,54.016,0.539,0.343
242.627,53.885,0.243,0.737
241.936,54.361,0.218,0.179
242.501,53.776,0.183,0.426
241.82,54.559,0.715,0.196
242.49,53.851,0.318,0.4
242.537,53.952,0.924,0.591
243.497,54.364,0.437,1.097
243.321,54.658,0.38,0.297
243.742,55.148,0.431,0.302
242.956,54.281,0.731,0.802
242.56,55.22,0.253,0.281
242.356,54.553,1.02,1.062
241.496,54.484,0.495,0.376
242.913,53.832,0.4,0.674
242.816,54.854,0.187,0.329
242.989,53.615,1.005,0.241
243.829,53.803,0.466,0.491
242.042,54.151,0.396,0.313
241.381,54.013,0.661,0.731
242.821,55.398,0.597,0.191
243.245,53.823,0.323,0.311
242.521,54.155,0.95,0.579
241.998,54.048,0.379,0.418
243.235,54.647,0.864,0.198
242.668,54.103,0.327,0.364
243.144,54.972,0.608,0.354
242.246,55.047,0.605,0.196
241.712,53.834,0.321,0.575
242.497,54.083,0.491,0.254
243.016,55.164,0.373,0.517
241.981,54.808,0.221,0.194
241.554,55.073,7.776,0.553
243.606,54.01,0.335,0.425
242.629,53.783,1.051,0.255
243.361,54.518,0.226,0.245
243.276,54.268,0.768,0.466
243.132,54.721,0.421,0.188
243.798,55.408,0.329,0.635
242.222,54.654,0.612,0.575
243.598,55.108,0.419,0.184
243.258,54.505,1.81,0.2
242.445,54.469,0.631,0.27
243.342,55.278,2.015,0.285
242.442,54.806,0.374,0.493
243.336,53.746,0.23,0.402
241.883,54.394,0.239,0.363
243.162,54.883,0.19,0.243
241.469,54.254,0.299,0.445
241.317,54.754,0.306,0.222
242.794,53.698,0.238,0.664
243.336,54.167,0.249,0.172
242.957,54.588,0.581,0.306
243.259,54.984,0.859,1.027
242.624,55.017,0.214,0.211
243.086,55.166,0.225,0.183
242.42,54.292,1.073,0.239
243.515,54.963,0.637,0.197
243.134,54.234,0.343,0.396
242.203,54.34,0.262,0.51
241.178,54.845,0.571,0.253
242.548,54.727,0.224,0.511
242.715,55.217,1.454,0.552
242.903,53.817,0.363,0.249
243.904,53.814,0.334,0.322
243.084,53.773,0.297,0.278
242.824,54.387,0.291,0.337
242.533,55.115,1.653,0.275
241.988,54.391,0.543,0.3
241.635,53.796,2.424,0.268
243.249,54.552,0.362,0.216
243.068,54.285,0.565,0.425
242.937,54.894,0.328,0.186
242.54,54.298,2.105,0.243
242.347,55.276,0.789,0.319
242.135,54.171,0.751,0.195
242.558,54.439,0.185,0.276
243.009,54.251,0.202,0.449
242.298,54.084,0.872,0.28
242.573,54.73,0.595,0.207
243.07,53.801,0.236,0.442
243.635,54.612,1.393,1.02
242.958,54.468,0.235,0.66
243.773,55.364,0.32,0.467
243.171,54.54,0.669,0.416
242.08,54.339,0.461,0.495
242.772,54.543,0.357,0.239
241.444,55.154,0.797,0.295
243.988,54.286,0.849,0.894
242.822,54.736,0.505,0.456
241.579,54.305,0.236,0.387
242.953,55.082,0.765,0.359
242.05,54.549,0.523,0.295
242.535,54.992,0.36,0.913
241.492,54.491,0.188,0.296
243.36,53.786,0.368,2.097
242.85,54.532,0.628,0.445
243.753,55.392,0.289,0.245
243.002,54.197,4.177,0.225
242.755,54.375,0.185,0.185
242.559,55.028,1.042,0.835
243.954,53.839,0.276,0.171
